81,23,255,3,@NQ.D,0,C:\ZTS\Dropbox\Business\ats\Data\CandidateArchive\cand_DP_23_T1_30_T2_na_mkt_206.txt,tbd,9,30,min,,,200,2010-11-22,2017-12-29,f,1,1,0,3,0,40,2.10,18,2,3,,,,0,0,1000.00000,0,1000.00000,TSI,NATR:int Fract:double Filter1_N1:int Filter1_N2:int SL_switch:int SL:int PT_switch:int PT:int,259,2018-09-14,2015-11-19,2018-09-14,"50  1.80  5  3  0  1000  0  1000  	2010/11/22 - 2011/08/09	260	2,136	260.00	-4,360.00	4.36%	100	52.00%	0.95	2.60	344.13	10.00	1.03	0.08	47.00%	50  1.80  5  3  0  1000  0  1000  
35  1.80  5  3  0  1000  0  1000  	2011/08/09 - 2012/04/23	258	2,136	4,065.00	-2,190.00	2.19%	80	65.00%	0.86	50.81	311.43	77.50	1.60	2.63	7.42%	35  1.80  5  3  0  1000  0  1000  
35  1.80  4  6  0  1000  0  1000  	2012/04/23 - 2013/01/14	266	2,136	1,075.00	-2,660.00	2.66%	100	55.00%	0.93	10.75	233.40	15.00	1.14	0.55	32.31%	35  1.80  4  6  0  1000  0  1000  
45  2.20  1  1  0  1000  0  1000  	2013/01/14 - 2013/09/26	255	2,136	-110.00	-1,620.00	1.62%	93	48.39%	1.05	-1.18	192.70	-15.00	0.98	-0.10	47.65%	45  2.20  1  1  0  1000  0  1000  
45  2.20  1  1  0  1000  0  1000  	2013/09/26 - 2014/06/16	263	2,136	5,040.00	-2,020.00	2.02%	95	53.68%	1.51	53.05	291.35	10.00	1.75	3.46	3.96%	45  2.20  1  1  0  1000  0  1000  
35  2.30  1  1  0  1000  0  1000  	2014/06/16 - 2015/03/04	261	2,136	-4,075.00	-6,800.00	6.80%	103	47.57%	0.83	-39.56	459.41	-5.00	0.75	-0.84	19.21%	35  2.30  1  1  0  1000  0  1000  
30  2.40  2  1  0  1000  0  1000  	2015/03/04 - 2015/11/11	252	2,136	545.00	-4,360.00	4.36%	72	56.94%	0.79	7.57	579.40	45.00	1.05	0.18	45.60%	30  2.40  2  1  0  1000  0  1000  
30  2.10  3  4  0  1000  0  1000  	2015/11/13 - 2016/08/02	263	2,136	4,310.00	-2,960.00	2.96%	88	48.86%	1.40	48.98	503.66	-7.50	1.34	2.02	18.21%	30  2.10  3  4  0  1000  0  1000  
30  2.10  2  2  0  1000  0  1000  	2016/08/02 - 2017/04/18	259	2,136	4,675.00	-1,575.00	1.57%	93	61.29%	1.06	50.27	274.83	55.00	1.68	4.18	4.05%	30  2.10  2  2  0  1000  0  1000  
30  2.10  2  2  0  1000  0  1000  	2017/04/18 - 2017/12/29	255	2,136	6,880.00	-2,925.00	2.92%	112	57.14%	1.29	61.43	335.26	45.00	1.72	3.37	2.75%	30  2.10  2  2  0  1000  0  1000  
",oosCurve,updated,2018-09-18 20:41:54,2018-09-18 21:00:24
45,10,110,1,@ES.D,0,C:\ZTS\Dropbox\ats\CandidateArchive\cand_DP_10_T1_30_T2_na_mkt_81.txt,tbd,9,30,min,,,200,2010-11-22,2017-12-29,f,1,1,0,3,0,25,2.10,7,7,7,,,,0,0,1000.00000,0,1000.00000,TSI,NATR:int Fract:double Filter1_N1:int Filter1_N2:int SL_switch:int SL:int PT_switch:int PT:int,259,2018-09-14,2015-11-19,2018-09-14,"35  1.80  5  4  0  1000  0  1000  	2010/11/22 - 2011/08/09	260	2,136	1,587.50	-3,462.50	3.46%	84	55.95%	0.96	18.90	307.58	6.25	1.22	0.64	28.74%	35  1.80  5  4  0  1000  0  1000  
25  1.80  4  8  0  1000  0  1000  	2011/08/09 - 2012/04/25	260	2,136	7,275.00	-3,300.00	3.30%	118	65.25%	0.86	61.65	384.02	62.50	1.61	3.09	4.19%	25  1.80  4  8  0  1000  0  1000  
35  1.80  4  6  0  1000  0  1000  	2012/04/25 - 2013/01/14	264	2,136	3,150.00	-2,962.50	2.96%	120	54.17%	1.09	26.25	289.70	0.00	1.29	1.47	16.15%	35  1.80  4  6  0  1000  0  1000  
35  1.80  4  6  0  1000  0  1000  	2013/01/14 - 2013/09/26	255	2,136	-1,150.00	-3,300.00	3.30%	122	55.74%	0.71	-9.43	275.19	12.50	0.90	-0.50	35.29%	35  1.80  4  6  0  1000  0  1000  
35  1.80  5  6  0  1000  0  1000  	2013/09/26 - 2014/06/16	263	2,136	1,975.00	-2,100.00	2.10%	117	52.99%	1.06	16.88	261.97	12.50	1.20	1.31	24.36%	35  1.80  5  6  0  1000  0  1000  
35  1.90  5  8  0  1000  0  1000  	2014/06/16 - 2015/03/04	261	2,136	-800.00	-5,462.50	5.46%	130	57.69%	0.70	-6.15	480.15	25.00	0.96	-0.20	44.20%	35  1.90  5  8  0  1000  0  1000  
20  1.80  4  8  0  1000  0  1000  	2015/03/04 - 2015/11/13	254	2,136	4,425.00	-4,225.00	4.22%	126	54.76%	1.02	35.12	540.67	25.00	1.23	1.51	23.36%	20  1.80  4  8  0  1000  0  1000  
20  1.80  5  9  0  1000  0  1000  	2015/11/13 - 2016/08/02	263	2,136	9,900.00	-2,362.50	2.36%	131	61.07%	1.07	75.57	429.10	62.50	1.67	5.82	2.29%	20  1.80  5  9  0  1000  0  1000  
30  1.80  10  9  0  1000  0  1000  	2016/08/02 - 2017/04/18	259	2,136	5,250.00	-2,725.00	2.73%	129	57.36%	1.11	40.70	310.39	12.50	1.50	2.72	6.94%	30  1.80  10  9  0  1000  0  1000  
30  1.80  4  8  0  1000  0  1000  	2017/04/18 - 2017/12/29	255	2,136	2,787.50	-2,237.50	2.24%	135	53.33%	1.12	20.65	244.41	0.00	1.28	1.78	16.40%	30  1.80  4  8  0  1000  0  1000  
",oosCurve,updated,2018-09-11 21:52:02,2018-09-11 22:21:18
82,23,247,3,@NQ.D,0,C:\ZTS\Dropbox\Business\ats\Data\CandidateArchive\cand_DP_23_T1_30_T2_na_mkt_397.txt,tbd,9,30,min,,,200,2010-11-22,2017-12-29,f,3,1,0,3,0,50,2.25,4,3,10,,,,2,0,1000.00000,0,1000.00000,TSI,NATR:int Fract:double Filter1_N1:int Filter1_N2:int SL_switch:int SL:int PT_switch:int PT:int,260,2018-09-13,2015-11-20,2018-09-13,"50  1.95  4  10  0  1000  0  1000  	2010/11/22 - 2011/08/04	255	2,136	505.00	-2,450.00	2.45%	87	54.02%	0.91	5.80	219.40	15.00	1.07	0.30	40.28%	50  1.95  4  10  0  1000  0  1000  
40  1.95  4  11  0  1000  0  1000  	2011/08/04 - 2012/04/24	264	2,136	1,855.00	-2,355.00	2.35%	87	55.17%	0.99	21.32	315.62	40.00	1.22	1.09	26.51%	40  1.95  4  11  0  1000  0  1000  
50  1.95  3  9  0  1000  0  1000  	2012/04/24 - 2013/01/14	265	2,136	1,655.00	-1,970.00	1.97%	96	57.29%	0.90	17.24	240.07	25.00	1.21	1.16	24.17%	50  1.95  3  9  0  1000  0  1000  
55  1.95  3  9  0  1000  0  1000  	2013/01/14 - 2013/09/26	255	2,136	-1,025.00	-2,485.00	2.48%	81	46.91%	0.96	-12.65	225.71	-25.00	0.85	-0.59	30.76%	55  1.95  3  9  0  1000  0  1000  
40  1.95  3  9  0  1000  0  1000  	2013/09/26 - 2014/06/16	263	2,136	4,975.00	-1,460.00	1.46%	88	54.55%	1.54	56.53	283.39	12.50	1.84	4.73	3.23%	40  1.95  3  9  0  1000  0  1000  
40  1.95  2  10  0  1000  0  1000  	2014/06/16 - 2015/03/04	261	2,136	-5,320.00	-8,110.00	8.11%	98	42.86%	0.89	-54.29	423.28	-45.00	0.66	-0.92	10.36%	40  1.95  2  10  0  1000  0  1000  
45  2.35  1  11  0  1000  0  1000  	2015/03/04 - 2015/11/13	255	2,136	2,455.00	-3,900.00	3.90%	73	45.21%	1.50	33.63	442.40	-50.00	1.24	0.90	25.90%	45  2.35  1  11  0  1000  0  1000  
40  2.25  1  11  0  1000  0  1000  	2015/11/13 - 2016/08/02	263	2,136	9,585.00	-2,170.00	2.17%	77	62.34%	1.15	124.48	521.06	90.00	1.91	6.13	1.97%	40  2.25  1  11  0  1000  0  1000  
40  2.25  1  11  0  1000  0  1000  	2016/08/02 - 2017/04/13	254	2,136	205.00	-1,815.00	1.81%	73	47.95%	1.11	2.81	270.79	-15.00	1.03	0.16	46.48%	40  2.25  1  11  0  1000  0  1000  
40  2.25  1  11  0  1000  0  1000  	2017/04/13 - 2017/12/29	260	2,136	4,005.00	-2,025.00	2.02%	62	54.84%	1.37	64.60	343.83	72.50	1.66	2.78	7.21%	40  2.25  1  11  0  1000  0  1000  
",oosCurve,updated,2018-09-18 22:46:22,2018-09-18 23:19:23
67,17,170,4,@RTY.D,0,C:\ZTS\Dropbox\ats\CandidateArchive\cand_DP_17_T1_15_T2_na_mkt_83.txt,tbd,9,15,min,,,200,2010-11-22,2017-12-29,f,1,1,0,3,0,35,2.55,8,8,4,,,,1,0,1000.00000,0,1000.00000,TSI,NATR:int Fract:double Filter1_N1:int Filter1_N2:int SL_switch:int SL:int PT_switch:int PT:int,260,2018-09-14,2015-11-13,2018-09-14,"25  2.25  9  6  0  1000  0  1000  	2010/11/15 - 2011/07/29	256	4,266	405.00	-2,040.00	2.04%	87	54.02%	0.90	4.66	237.45	15.00	1.05	0.28	42.77%	25  2.25  9  6  0  1000  0  1000  
25  2.25  9  6  0  1000  0  1000  	2011/07/29 - 2012/04/17	263	4,266	5,695.00	-1,825.00	1.82%	85	61.18%	1.02	67.00	366.41	75.00	1.61	4.33	4.78%	25  2.25  9  6  0  1000  0  1000  
25  2.25  9  6  0  1000  0  1000  	2012/04/17 - 2013/01/04	262	4,266	2,395.00	-1,070.00	1.07%	83	53.01%	1.22	28.86	242.01	10.00	1.37	3.12	14.03%	25  2.25  9  6  0  1000  0  1000  
30  2.25  10  5  0  1000  0  1000  	2013/01/04 - 2013/09/13	252	4,266	3,735.00	-950.00	0.95%	87	64.37%	1.08	42.93	175.51	50.00	1.94	5.69	1.25%	30  2.25  10  5  0  1000  0  1000  
45  2.35  5  7  0  1000  0  1000  	2013/09/13 - 2014/06/09	269	4,266	-1,710.00	-3,750.00	3.75%	95	53.68%	0.71	-18.00	247.72	30.00	0.83	-0.62	24.03%	45  2.35  5  7  0  1000  0  1000  
30  2.35  11  7  0  1000  0  1000  	2014/06/09 - 2015/02/23	259	4,266	-600.00	-3,540.00	3.54%	89	50.56%	0.93	-6.74	390.38	30.00	0.96	-0.24	43.55%	30  2.35  11  7  0  1000  0  1000  
30  2.35  10  5  0  1000  0  1000  	2015/02/23 - 2015/11/05	255	4,266	4,735.00	-3,290.00	3.29%	65	60.00%	1.17	72.85	423.45	100.00	1.76	2.06	8.51%	30  2.35  10  5  0  1000  0  1000  
40  2.25  5  4  0  1000  0  1000  	2015/11/05 - 2016/07/22	260	4,266	2,570.00	-2,795.00	2.79%	70	58.57%	0.92	36.71	373.70	55.00	1.30	1.29	20.70%	40  2.25  5  4  0  1000  0  1000  
40  2.25  5  4  0  1000  0  1000  	2016/07/22 - 2017/04/06	258	4,266	1,410.00	-1,490.00	1.49%	52	59.62%	0.84	27.12	329.82	45.00	1.24	1.34	27.80%	40  2.25  5  4  0  1000  0  1000  
25  2.35  11  5  0  1000  0  1000  	2017/04/06 - 2017/12/28	266	4,270	1,555.00	-3,015.00	3.02%	92	50.00%	1.17	16.90	304.04	-5.00	1.17	0.71	29.76%	25  2.35  11  5  0  1000  0  1000  
",oosCurve,updated,2018-09-13 17:25:37,2018-09-13 18:16:14
79,21,238,14,@S,0,C:\ZTS\Dropbox\ats\CandidateArchive\cand_DP_21_T1_30_T2_na_mkt_260.txt,tbd,5,30,min,,,200,2010-11-22,2017-12-29,f,2,1,0,10,0,55,2.40,5,11,0,,,,1,0,1000.00000,0,1000.00000,TSI,NATR:int Fract:double Filter1_N1:int SL_switch:int SL:int PT_switch:int PT:int,246,2018-09-01,2016-02-16,2018-09-01,"65  2.10  8  0  1000  0  1000  	2011/04/15 - 2012/01/31	291	1,625	3,075.00	-4,887.50	4.89%	73	57.53%	0.93	42.12	471.13	75.00	1.26	0.79	22.37%	65  2.10  8  0  1000  0  1000  
55  2.60  8  0  1000  0  1000  	2012/01/31 - 2012/10/17	260	1,625	-1,987.50	-3,275.00	3.27%	33	48.48%	0.83	-60.23	644.70	-87.50	0.78	-0.85	29.76%	55  2.60  8  0  1000  0  1000  
45  2.50  9  0  1000  0  1000  	2012/10/17 - 2013/06/13	244	1,625	2,150.00	-1,675.00	1.68%	42	61.90%	0.86	51.19	376.86	106.25	1.40	1.92	19.19%	45  2.50  9  0  1000  0  1000  
55  2.60  8  0  1000  0  1000  	2013/06/13 - 2014/01/30	231	1,625	2,475.00	-1,850.00	1.85%	46	67.39%	0.69	53.80	412.70	81.25	1.42	2.11	19.06%	55  2.60  8  0  1000  0  1000  
60  2.60  9  0  1000  0  1000  	2014/01/30 - 2014/10/01	244	1,625	1,912.50	-2,475.00	2.48%	64	56.25%	0.93	29.88	441.15	43.75	1.19	1.16	29.49%	60  2.60  9  0  1000  0  1000  
50  2.70  8  0  1000  0  1000  	2014/10/01 - 2015/05/27	238	1,625	1,712.50	-3,525.00	3.52%	40	65.00%	0.69	42.81	443.39	62.50	1.29	0.75	27.25%	50  2.70  8  0  1000  0  1000  
60  2.60  8  0  1000  0  1000  	2015/05/27 - 2016/01/06	224	1,625	337.50	-2,437.50	2.44%	49	53.06%	0.93	6.89	362.60	50.00	1.05	0.23	44.74%	60  2.60  8  0  1000  0  1000  
60  2.60  8  0  1000  0  1000  	2016/01/06 - 2016/09/14	252	1,625	6,650.00	-1,550.00	1.55%	40	75.00%	0.80	166.25	544.15	168.75	2.41	6.21	3.03%	60  2.60  8  0  1000  0  1000  
60  2.60  8  0  1000  0  1000  	2016/09/14 - 2017/05/08	236	1,625	2,112.50	-1,975.00	1.98%	53	64.15%	0.80	39.86	285.05	37.50	1.43	1.65	15.67%	60  2.60  8  0  1000  0  1000  
60  2.60  8  0  1000  0  1000  	2017/05/08 - 2017/12/29	235	1,625	5,650.00	-1,475.00	1.48%	55	63.64%	1.69	102.73	275.25	37.50	2.96	5.95	0.39%	60  2.60  8  0  1000  0  1000  
",oosCurve,updated,2018-09-17 12:01:08,2018-09-17 12:07:05
58,2,61,6,@CL,1,C:\ZTS\Dropbox\ats\CandidateArchive\cand_DP_2_T1_15_T2_na_mkt_73.txt,tbd,7,15,min,,,200,2010-11-22,2017-12-29,f,3,1,0,5,0,25,2.10,24,8,0,,,,2,0,1000.00000,0,1000.00000,TSI,NATR:int Fract:double Filter1_N1:int SL_switch:int SL:int PT_switch:int PT:int,261,2018-09-16,2015-11-14,2018-09-16,"25  2  10  0  1000  0  1000  	2010/11/10 - 2011/07/29	261	4,010	9,200.00	-5,930.00	5.93%	103	48.54%	1.38	89.32	862.20	-60.00	1.31	2.17	14.78%	25  2  10  0  1000  0  1000  
15  2  10  0  1000  0  1000  	2011/07/29 - 2012/04/13	259	4,010	8,270.00	-9,260.00	9.26%	113	53.10%	1.12	73.19	831.88	80.00	1.27	1.26	17.58%	15  2  10  0  1000  0  1000  
20  1.90  6  0  1000  0  1000  	2012/04/13 - 2012/12/26	257	4,010	-1,980.00	-9,840.00	9.84%	116	44.83%	1.16	-17.07	728.68	-50.00	0.94	-0.29	40.06%	20  1.90  6  0  1000  0  1000  
15  1.80  7  0  1000  0  1000  	2012/12/26 - 2013/09/20	268	4,010	2,810.00	-8,940.00	8.94%	116	50.00%	1.09	24.22	722.06	10.00	1.09	0.43	35.93%	15  1.80  7  0  1000  0  1000  
20  1.90  5  0  1000  0  1000  	2013/09/20 - 2014/06/04	257	4,010	7,510.00	-3,510.00	3.51%	123	52.03%	1.32	61.06	472.10	10.00	1.43	3.04	7.70%	20  1.90  5  0  1000  0  1000  
20  1.90  11  0  1000  0  1000  	2014/06/04 - 2015/02/19	260	4,010	21,040.00	-8,110.00	8.11%	120	55.00%	1.41	175.33	859.26	80.00	1.72	3.64	1.36%	20  1.90  11  0  1000  0  1000  
25  1.90  11  0  1000  0  1000  	2015/02/19 - 2015/11/09	263	4,010	16,560.00	-4,500.00	4.50%	119	63.03%	0.98	139.16	726.13	170.00	1.67	5.11	1.94%	25  1.90  11  0  1000  0  1000  
25  1.80  10  0  1000  0  1000  	2015/11/09 - 2016/07/28	262	4,010	3,720.00	-5,600.00	5.60%	107	61.68%	0.73	34.77	557.35	160.00	1.18	0.93	26.01%	25  1.80  10  0  1000  0  1000  
30  2.40  10  0  1000  0  1000  	2016/07/28 - 2017/04/11	257	4,010	8,180.00	-2,830.00	2.83%	104	57.69%	1.15	78.65	506.38	50.00	1.57	4.11	5.81%	30  2.40  10  0  1000  0  1000  
30  2.40  11  0  1000  0  1000  	2017/04/11 - 2017/12/29	262	4,010	4,490.00	-3,560.00	3.56%	96	48.96%	1.39	46.77	441.59	-15.00	1.33	1.76	15.10%	30  2.40  11  0  1000  0  1000  
",oosCurve,updated,2018-09-12 04:02:21,2018-09-12 04:15:36
48,10,116,1,@ES.D,0,C:\ZTS\Dropbox\ats\CandidateArchive\cand_DP_10_T1_30_T2_na_mkt_27.txt,tbd,9,30,min,,,200,2010-11-22,2017-12-29,f,1,1,0,3,0,25,1.65,38,19,2,,,,1,0,1000.00000,0,1000.00000,TSI,NATR:int Fract:double Filter1_N1:int Filter1_N2:int SL_switch:int SL:int PT_switch:int PT:int,261,2018-09-16,2015-11-26,2018-09-16,"25  1.55  16  3  0  1000  0  1000  	2010/11/19 - 2011/08/05	259	2,136	1,312.50	-3,112.50	3.11%	82	59.76%	0.78	16.01	310.04	25.00	1.15	0.59	32.07%	25  1.55  16  3  0  1000  0  1000  
25  1.55  16  5  0  1000  0  1000  	2011/08/05 - 2012/04/23	262	2,136	7,737.50	-2,250.00	2.25%	65	70.77%	0.87	119.04	429.54	125.00	2.10	4.79	1.45%	25  1.55  16  5  0  1000  0  1000  
25  1.45  20  4  0  1000  0  1000  	2012/04/23 - 2013/01/14	266	2,136	1,237.50	-2,137.50	2.14%	80	56.25%	0.89	15.47	298.86	25.00	1.15	0.79	32.23%	25  1.45  20  4  0  1000  0  1000  
30  1.55  20  3  0  1000  0  1000  	2013/01/14 - 2013/09/25	258	2,136	-3,462.50	-4,625.00	4.63%	82	53.66%	0.60	-42.23	351.02	6.25	0.70	-1.06	13.96%	30  1.55  20  3  0  1000  0  1000  
15  1.45  18  5  0  1000  0  1000  	2013/09/25 - 2014/06/16	264	2,136	575.00	-2,012.50	2.01%	92	56.52%	0.81	6.25	286.05	56.25	1.06	0.40	41.72%	15  1.45  18  5  0  1000  0  1000  
20  1.95  20  4  0  1000  0  1000  	2014/06/16 - 2015/03/04	268	2,136	425.00	-5,312.50	5.31%	58	62.07%	0.64	7.33	560.34	68.75	1.04	0.11	46.05%	20  1.95  20  4  0  1000  0  1000  
25  1.45  16  3  0  1000  0  1000  	2015/03/04 - 2015/11/13	254	2,136	-900.00	-3,987.50	3.99%	82	56.10%	0.74	-10.98	613.54	12.50	0.95	-0.32	43.59%	25  1.45  16  3  0  1000  0  1000  
30  1.45  20  5  0  1000  0  1000  	2015/11/13 - 2016/08/01	262	2,136	5,512.50	-3,550.00	3.55%	80	58.75%	0.99	68.91	535.00	93.75	1.40	2.16	12.64%	30  1.45  20  5  0  1000  0  1000  
20  1.35  16  3  0  1000  0  1000  	2016/08/01 - 2017/04/11	253	2,136	5,325.00	-2,325.00	2.33%	92	58.70%	1.06	57.88	386.81	75.00	1.50	3.30	7.73%	20  1.35  16  3  0  1000  0  1000  
20  1.35  16  2  0  1000  0  1000  	2017/04/11 - 2017/12/29	262	2,136	5,462.50	-1,800.00	1.80%	114	61.40%	1.04	47.92	270.69	56.25	1.66	4.23	3.07%	20  1.35  16  2  0  1000  0  1000  
",oosCurve,updated,2018-09-12 00:44:16,2018-09-12 00:57:46
46,10,111,1,@ES.D,0,C:\ZTS\Dropbox\ats\CandidateArchive\cand_DP_10_T1_30_T2_na_mkt_128.txt,tbd,9,30,min,,,200,2010-11-22,2017-12-29,f,1,1,0,2,0,40,0.75,8,6,10,,,,1,0,1000.00000,0,1000.00000,TSI,NATR:int Fract:double Filter1_N1:int Filter1_N2:int SL_switch:int SL:int PT_switch:int PT:int,260,2018-09-14,2015-11-24,2018-09-14,"45  0.45  6  7  0  1000  0  1000  	2010/11/23 - 2011/08/08	258	2,136	-3,000.00	-7,412.50	7.41%	108	55.56%	0.64	-27.78	368.37	43.75	0.80	-0.57	21.75%	45  0.45  6  7  0  1000  0  1000  
45  0.45  9  7  0  1000  0  1000  	2011/08/08 - 2012/04/24	270	2,136	10,375.00	-2,237.50	2.24%	105	65.71%	0.89	98.81	483.31	125.00	1.71	6.27	1.93%	45  0.45  9  7  0  1000  0  1000  
45  0.45  9  7  0  1000  0  1000  	2012/04/24 - 2013/01/14	265	2,136	2,787.50	-1,937.50	1.94%	100	55.00%	1.02	27.88	343.24	43.75	1.24	1.98	20.93%	45  0.45  9  7  0  1000  0  1000  
45  0.45  9  7  0  1000  0  1000  	2013/01/14 - 2013/09/27	256	2,136	962.50	-3,450.00	3.45%	116	61.21%	0.68	8.30	348.93	50.00	1.07	0.40	39.92%	45  0.45  9  7  0  1000  0  1000  
50  0.75  3  7  0  1000  0  1000  	2013/09/27 - 2014/06/13	259	2,136	937.50	-3,850.00	3.85%	88	53.41%	0.96	10.65	304.77	12.50	1.10	0.34	37.19%	50  0.75  3  7  0  1000  0  1000  
35  0.55  9  7  0  1000  0  1000  	2014/06/13 - 2015/03/04	264	2,136	4,237.50	-3,375.00	3.38%	104	58.65%	0.90	40.75	490.47	43.75	1.27	1.74	19.94%	35  0.55  9  7  0  1000  0  1000  
35  0.55  9  7  0  1000  0  1000  	2015/03/04 - 2015/11/13	254	2,136	1,475.00	-5,662.50	5.66%	102	63.73%	0.61	14.46	622.66	68.75	1.07	0.37	40.75%	35  0.55  9  7  0  1000  0  1000  
50  0.65  9  7  0  1000  0  1000  	2015/11/13 - 2016/08/01	262	2,136	8,887.50	-3,875.00	3.88%	95	58.95%	1.10	93.55	528.23	125.00	1.59	3.20	4.38%	50  0.65  9  7  0  1000  0  1000  
50  0.65  9  7  0  1000  0  1000  	2016/08/01 - 2017/04/18	260	2,136	2,225.00	-2,525.00	2.52%	89	51.69%	1.15	25.00	319.09	0.00	1.23	1.24	23.09%	50  0.65  9  7  0  1000  0  1000  
50  0.65  8  8  0  1000  0  1000  	2017/04/18 - 2017/12/28	254	2,136	3,850.00	-2,437.50	2.44%	101	57.43%	1.08	38.12	287.22	50.00	1.45	2.27	9.27%	50  0.65  8  8  0  1000  0  1000  
",oosCurve,updated,2018-09-11 23:49:12,2018-09-12 00:16:46
60,9,81,2,@YM.D,1,C:\ZTS\Dropbox\ats\CandidateArchive\cand_DP_9_T1_30_T2_na_mkt_50.txt,tbd,9,30,min,,,200,2010-11-22,2017-12-29,f,1,1,0,3,0,5,1.05,35,17,7,,,,1,0,1000.00000,0,1000.00000,TSI,NATR:int Fract:double Filter1_N1:int Filter1_N2:int SL_switch:int SL:int PT_switch:int PT:int,259,2018-09-14,2015-11-23,2018-09-14,"15  0.95  16  4  0  1000  0  1000  	2010/11/23 - 2011/08/05	255	2,136	985.00	-2,450.00	2.45%	105	60.00%	0.73	9.38	281.54	45.00	1.10	0.58	36.67%	15  0.95  16  4  0  1000  0  1000  
10  0.75  18  4  0  1000  0  1000  	2011/08/09 - 2012/04/24	259	2,136	6,065.00	-4,465.00	4.46%	112	58.04%	1.00	54.15	436.58	90.00	1.39	1.91	9.60%	10  0.75  18  4  0  1000  0  1000  
15  0.85  16  4  0  1000  0  1000  	2012/04/24 - 2013/01/14	266	2,136	-3,145.00	-4,335.00	4.33%	111	47.75%	0.87	-28.33	320.76	-10.00	0.80	-1.00	17.70%	15  0.85  16  4  0  1000  0  1000  
15  1.05  18  4  0  1000  0  1000  	2013/01/14 - 2013/09/27	256	2,136	1,085.00	-2,430.00	2.43%	100	69.00%	0.50	10.85	278.88	50.00	1.12	0.64	34.90%	15  1.05  18  4  0  1000  0  1000  
10  1.25  19  4  0  1000  0  1000  	2013/09/27 - 2014/06/16	262	2,136	-565.00	-3,060.00	3.06%	85	60.00%	0.62	-6.65	256.95	50.00	0.93	-0.26	40.60%	10  1.25  19  4  0  1000  0  1000  
10  1.25  19  4  0  1000  0  1000  	2014/06/16 - 2015/03/04	261	2,136	3,235.00	-3,045.00	3.04%	95	58.95%	0.90	34.05	403.40	45.00	1.29	1.49	20.64%	10  1.25  19  4  0  1000  0  1000  
10  1.25  19  4  0  1000  0  1000  	2015/03/04 - 2015/11/13	254	2,136	765.00	-2,140.00	2.14%	75	54.67%	0.88	10.20	454.35	40.00	1.07	0.51	42.32%	10  1.25  19  4  0  1000  0  1000  
10  1.25  16  4  0  1000  0  1000  	2015/11/13 - 2016/08/01	262	2,136	5,940.00	-3,350.00	3.35%	86	61.63%	0.95	69.07	439.76	97.50	1.52	2.47	7.45%	10  1.25  16  4  0  1000  0  1000  
10  1.25  14  4  0  1000  0  1000  	2016/08/01 - 2017/04/11	253	2,136	7,800.00	-1,335.00	1.33%	80	60.00%	1.71	97.50	304.61	70.00	2.57	8.43	0.27%	10  1.25  14  4  0  1000  0  1000  
10  1.25  14  4  0  1000  0  1000  	2017/04/11 - 2017/12/29	262	2,136	3,180.00	-1,830.00	1.83%	97	53.61%	1.20	32.78	268.62	10.00	1.39	2.42	11.62%	10  1.25  14  4  0  1000  0  1000  
",oosCurve,updated,2018-09-12 04:32:34,2018-09-12 04:47:08
47,10,110,1,@ES.D,0,C:\ZTS\Dropbox\ats\CandidateArchive\cand_DP_10_T1_30_T2_na_mkt_81.txt,tbd,9,30,min,,,200,2010-11-22,2017-12-29,f,1,1,0,3,0,25,2.10,7,7,7,,,,0,0,1000.00000,0,1000.00000,TSI,NATR:int Fract:double Filter1_N1:int Filter1_N2:int SL_switch:int SL:int PT_switch:int PT:int,259,2018-09-14,2015-11-19,2018-09-14,"35  1.80  5  4  0  1000  0  1000  	2010/11/22 - 2011/08/09	260	2,136	1,587.50	-3,462.50	3.46%	84	55.95%	0.96	18.90	307.58	6.25	1.22	0.64	28.74%	35  1.80  5  4  0  1000  0  1000  
25  1.80  4  8  0  1000  0  1000  	2011/08/09 - 2012/04/25	260	2,136	7,275.00	-3,300.00	3.30%	118	65.25%	0.86	61.65	384.02	62.50	1.61	3.09	4.19%	25  1.80  4  8  0  1000  0  1000  
35  1.80  4  6  0  1000  0  1000  	2012/04/25 - 2013/01/14	264	2,136	3,150.00	-2,962.50	2.96%	120	54.17%	1.09	26.25	289.70	0.00	1.29	1.47	16.15%	35  1.80  4  6  0  1000  0  1000  
35  1.80  4  6  0  1000  0  1000  	2013/01/14 - 2013/09/26	255	2,136	-1,150.00	-3,300.00	3.30%	122	55.74%	0.71	-9.43	275.19	12.50	0.90	-0.50	35.29%	35  1.80  4  6  0  1000  0  1000  
35  1.80  5  6  0  1000  0  1000  	2013/09/26 - 2014/06/16	263	2,136	1,975.00	-2,100.00	2.10%	117	52.99%	1.06	16.88	261.97	12.50	1.20	1.31	24.36%	35  1.80  5  6  0  1000  0  1000  
35  1.90  5  8  0  1000  0  1000  	2014/06/16 - 2015/03/04	261	2,136	-800.00	-5,462.50	5.46%	130	57.69%	0.70	-6.15	480.15	25.00	0.96	-0.20	44.20%	35  1.90  5  8  0  1000  0  1000  
20  1.80  4  8  0  1000  0  1000  	2015/03/04 - 2015/11/13	254	2,136	4,425.00	-4,225.00	4.22%	126	54.76%	1.02	35.12	540.67	25.00	1.23	1.51	23.36%	20  1.80  4  8  0  1000  0  1000  
20  1.80  5  9  0  1000  0  1000  	2015/11/13 - 2016/08/02	263	2,136	9,900.00	-2,362.50	2.36%	131	61.07%	1.07	75.57	429.10	62.50	1.67	5.82	2.29%	20  1.80  5  9  0  1000  0  1000  
30  1.80  10  9  0  1000  0  1000  	2016/08/02 - 2017/04/18	259	2,136	5,250.00	-2,725.00	2.73%	129	57.36%	1.11	40.70	310.39	12.50	1.50	2.72	6.94%	30  1.80  10  9  0  1000  0  1000  
30  1.80  4  8  0  1000  0  1000  	2017/04/18 - 2017/12/29	255	2,136	2,787.50	-2,237.50	2.24%	135	53.33%	1.12	20.65	244.41	0.00	1.28	1.78	16.40%	30  1.80  4  8  0  1000  0  1000  
",oosCurve,updated,2018-09-12 00:16:47,2018-09-12 00:44:15
53,10,117,1,@ES.D,0,C:\ZTS\Dropbox\ats\CandidateArchive\cand_DP_10_T1_30_T2_na_mkt_29.txt,tbd,9,30,min,,,200,2010-11-22,2017-12-29,f,1,1,0,3,0,30,1.65,35,5,11,,,,0,0,1000.00000,0,1000.00000,TSI,NATR:int Fract:double Filter1_N1:int Filter1_N2:int SL_switch:int SL:int PT_switch:int PT:int,259,2018-09-14,2015-11-19,2018-09-14,"35  1.55  6  8  0  1000  0  1000  	2010/11/22 - 2011/08/09	260	2,136	2,200.00	-2,975.00	2.98%	140	59.29%	0.80	15.71	356.48	12.50	1.17	1.04	30.14%	35  1.55  6  8  0  1000  0  1000  
30  1.55  6  8  0  1000  0  1000  	2011/08/09 - 2012/04/25	260	2,136	7,450.00	-2,725.00	2.73%	126	65.87%	0.82	59.13	397.61	62.50	1.57	3.84	4.88%	30  1.55  6  8  0  1000  0  1000  
25  1.45  2  8  0  1000  0  1000  	2012/04/25 - 2013/01/14	264	2,136	4,050.00	-3,600.00	3.60%	140	57.14%	0.99	28.93	284.32	18.75	1.33	1.56	11.53%	25  1.45  2  8  0  1000  0  1000  
35  1.55  4  8  0  1000  0  1000  	2013/01/14 - 2013/09/26	255	2,136	-4,525.00	-6,037.50	6.04%	126	54.76%	0.57	-35.91	302.92	12.50	0.69	-1.07	9.28%	35  1.55  4  8  0  1000  0  1000  
35  1.55  4  8  0  1000  0  1000  	2013/09/26 - 2014/06/16	263	2,136	1,537.50	-3,887.50	3.89%	141	51.77%	1.04	10.90	313.92	0.00	1.11	0.55	34.03%	35  1.55  4  8  0  1000  0  1000  
40  1.65  3  8  0  1000  0  1000  	2014/06/16 - 2015/03/04	261	2,136	-2,337.50	-4,800.00	4.80%	128	53.13%	0.78	-18.26	468.06	0.00	0.88	-0.68	32.98%	40  1.65  3  8  0  1000  0  1000  
20  1.45  2  8  0  1000  0  1000  	2015/03/04 - 2015/11/13	254	2,136	4,637.50	-3,375.00	3.38%	134	59.70%	0.84	34.61	509.12	37.50	1.24	1.97	21.64%	20  1.45  2  8  0  1000  0  1000  
20  1.45  2  8  0  1000  0  1000  	2015/11/13 - 2016/08/02	263	2,136	6,887.50	-3,725.00	3.73%	134	62.69%	0.82	51.40	459.95	50.00	1.39	2.57	9.90%	20  1.45  2  8  0  1000  0  1000  
25  1.55  2  8  0  1000  0  1000  	2016/08/02 - 2017/04/18	259	2,136	5,437.50	-2,200.00	2.20%	130	62.31%	0.96	41.83	277.28	37.50	1.59	3.48	4.39%	25  1.55  2  8  0  1000  0  1000  
25  1.55  8  8  0  1000  0  1000  	2017/04/18 - 2017/12/29	255	2,136	4,687.50	-1,925.00	1.93%	133	57.89%	1.10	35.24	253.57	12.50	1.51	3.49	5.57%	25  1.55  8  8  0  1000  0  1000  
",oosCurve,updated,2018-09-12 02:12:33,2018-09-12 02:36:54
56,9,83,2,@YM.D,0,C:\ZTS\Dropbox\ats\CandidateArchive\cand_DP_9_T1_30_T2_na_mkt_49.txt,tbd,9,30,min,,,200,2010-11-22,2017-12-29,f,1,1,0,5,0,40,1.80,1,2,2,,,,0,0,1000.00000,0,1000.00000,TSI,NATR:int Fract:double Filter1_N1:int Filter1_N2:int SL_switch:int SL:int PT_switch:int PT:int,259,2018-09-13,2015-11-23,2018-09-13,"40  1.80  4  2  0  1000  0  1000  	2010/11/22 - 2011/08/09	260	2,136	930.00	-1,655.00	1.66%	84	51.19%	1.13	11.07	212.65	0.00	1.18	0.79	31.72%	40  1.80  4  2  0  1000  0  1000  
40  1.80  4  2  0  1000  0  1000  	2011/08/09 - 2012/04/25	260	2,136	2,490.00	-2,285.00	2.29%	82	62.20%	0.83	30.37	299.86	27.50	1.37	1.53	18.09%	40  1.80  4  2  0  1000  0  1000  
45  1.60  2  1  0  1000  0  1000  	2012/04/25 - 2013/01/14	264	2,136	1,005.00	-2,200.00	2.20%	75	49.33%	1.19	13.40	243.53	-10.00	1.16	0.63	31.76%	45  1.60  2  1  0  1000  0  1000  
40  1.80  2  1  0  1000  0  1000  	2013/01/14 - 2013/09/26	255	2,136	400.00	-2,150.00	2.15%	92	54.35%	0.90	4.35	188.10	12.50	1.07	0.27	41.25%	40  1.80  2  1  0  1000  0  1000  
30  1.50  2  1  0  1000  0  1000  	2013/09/26 - 2014/06/10	257	2,136	2,270.00	-1,275.00	1.27%	81	48.15%	1.54	28.02	234.43	-15.00	1.43	2.53	14.26%	30  1.50  2  1  0  1000  0  1000  
30  1.50  2  1  0  1000  0  1000  	2014/06/10 - 2015/03/04	267	2,136	4,435.00	-3,460.00	3.46%	94	54.26%	1.26	47.18	374.57	17.50	1.49	1.75	11.25%	30  1.50  2  1  0  1000  0  1000  
50  1.60  4  3  0  1000  0  1000  	2015/03/04 - 2015/11/12	253	2,136	-975.00	-4,945.00	4.95%	79	46.84%	1.06	-12.34	498.67	-30.00	0.93	-0.28	41.32%	50  1.60  4  3  0  1000  0  1000  
50  1.50  5  4  0  1000  0  1000  	2015/11/13 - 2016/07/29	259	2,136	1,470.00	-5,160.00	5.16%	93	58.06%	0.80	15.81	423.59	50.00	1.11	0.40	35.99%	50  1.50  5  4  0  1000  0  1000  
50  1.60  2  2  0  1000  0  1000  	2016/07/29 - 2017/04/17	262	2,136	5,130.00	-1,560.00	1.56%	75	58.67%	1.39	68.40	300.68	35.00	1.97	4.58	2.63%	50  1.60  2  2  0  1000  0  1000  
50  1.50  2  2  0  1000  0  1000  	2017/04/17 - 2017/12/28	255	2,136	2,815.00	-1,925.00	1.93%	89	55.06%	1.18	31.63	239.94	30.00	1.44	2.09	10.85%	50  1.50  2  2  0  1000  0  1000  
",oosCurve,updated,2018-09-12 03:33:19,2018-09-12 03:48:42
83,23,258,3,@NQ.D,0,C:\ZTS\Dropbox\Business\ats\Data\CandidateArchive\cand_DP_23_T1_30_T2_na_mkt_343.txt,tbd,9,30,min,,,200,2010-11-22,2017-12-29,f,1,1,0,2,0,30,1.65,17,9,17,,,,0,0,1000.00000,0,1000.00000,TSI,NATR:int Fract:double Filter1_N1:int Filter1_N2:int SL_switch:int SL:int PT_switch:int PT:int,257,2018-09-04,2015-11-21,2018-09-04,"40  1.35  6  20  0  1000  0  1000  	2010/11/22 - 2011/07/26	246	2,136	-1,100.00	-2,245.00	2.25%	68	57.35%	0.59	-16.18	192.20	12.50	0.79	-0.73	24.50%	40  1.35  6  20  0  1000  0  1000  
40  1.95  9  20  0  1000  0  1000  	2011/07/29 - 2012/04/17	263	2,136	2,680.00	-970.00	0.97%	58	68.97%	0.88	46.21	212.12	45.00	1.96	3.83	5.13%	40  1.95  9  20  0  1000  0  1000  
20  1.35  6  18  0  1000  0  1000  	2012/04/17 - 2013/01/11	269	2,136	1,130.00	-1,355.00	1.35%	66	50.00%	1.24	17.12	214.30	-2.50	1.24	1.13	25.93%	20  1.35  6  18  0  1000  0  1000  
20  1.35  6  17  0  1000  0  1000  	2013/01/11 - 2013/09/24	256	2,136	-4,000.00	-4,500.00	4.50%	85	41.18%	0.77	-47.06	196.83	-60.00	0.54	-1.27	1.51%	20  1.35  6  17  0  1000  0  1000  
35  1.75  6  17  0  1000  0  1000  	2013/09/24 - 2014/06/06	255	2,136	620.00	-1,880.00	1.88%	62	54.84%	0.92	10.00	277.08	25.00	1.12	0.47	38.86%	35  1.75  6  17  0  1000  0  1000  
40  1.65  7  14  0  1000  0  1000  	2014/06/09 - 2015/02/26	262	2,136	30.00	-2,345.00	2.35%	71	57.75%	0.73	0.42	383.00	30.00	1.00	0.02	49.63%	40  1.65  7  14  0  1000  0  1000  
35  1.65  12  19  0  1000  0  1000  	2015/03/04 - 2015/11/11	252	2,136	4,620.00	-2,015.00	2.02%	68	60.29%	1.03	67.94	447.19	72.50	1.56	3.32	10.73%	35  1.65  12  19  0  1000  0  1000  
35  1.65  12  17  0  1000  0  1000  	2015/11/11 - 2016/08/01	264	2,136	5,710.00	-2,675.00	2.67%	72	61.11%	1.05	79.31	418.38	50.00	1.65	2.95	5.61%	35  1.65  12  17  0  1000  0  1000  
20  1.45  8  16  0  1000  0  1000  	2016/08/01 - 2017/04/17	259	2,136	2,310.00	-2,275.00	2.27%	71	54.93%	1.14	32.54	295.40	10.00	1.39	1.43	17.83%	20  1.45  8  16  0  1000  0  1000  
25  1.45  12  16  0  1000  0  1000  	2017/04/17 - 2017/12/21	248	2,136	7,810.00	-1,315.00	1.31%	79	63.29%	1.35	98.86	306.52	55.00	2.33	8.74	0.27%	25  1.45  12  16  0  1000  0  1000  
",oosCurve,updated,2018-09-19 06:21:12,2018-09-19 06:43:15
52,2,69,6,@CL,1,C:\ZTS\Dropbox\ats\CandidateArchive\cand_DP_2_T1_15_T2_na_mkt_78.txt,tbd,7,15,min,,,200,2010-11-22,2017-12-29,f,3,1,0,4,0,55,2.25,31,13,0,,,,0,0,1000.00000,0,1000.00000,TSI,NATR:int Fract:double Filter1_N1:int SL_switch:int SL:int PT_switch:int PT:int,261,2018-09-16,2015-11-14,2018-09-16,"55  2.05  14  0  1000  0  1000  	2010/11/10 - 2011/07/29	261	4,010	9,510.00	-13,160.00	13.16%	135	51.11%	1.12	70.44	1,234.77	0.00	1.17	1.01	25.43%	55  2.05  14  0  1000  0  1000  
60  2.25  14  0  1000  0  1000  	2011/07/29 - 2012/04/16	262	4,010	16,490.00	-16,320.00	16.32%	139	52.52%	1.18	118.63	1,185.15	50.00	1.30	1.41	12.00%	60  2.25  14  0  1000  0  1000  
45  2.45  13  0  1000  0  1000  	2012/04/16 - 2012/12/28	256	4,010	4,240.00	-11,320.00	11.32%	150	48.67%	1.14	28.27	942.01	-50.00	1.08	0.53	35.69%	45  2.45  13  0  1000  0  1000  
60  2.45  12  0  1000  0  1000  	2012/12/28 - 2013/09/19	265	4,010	-440.00	-14,490.00	14.49%	153	50.98%	0.95	-2.88	826.75	30.00	0.99	-0.04	48.29%	60  2.45  12  0  1000  0  1000  
45  2.25  13  0  1000  0  1000  	2013/09/19 - 2014/06/10	264	4,010	12,900.00	-3,580.00	3.58%	144	52.08%	1.32	89.58	656.06	40.00	1.44	4.98	5.17%	45  2.25  13  0  1000  0  1000  
45  2.25  13  0  1000  0  1000  	2014/06/10 - 2015/02/25	260	4,010	23,110.00	-10,480.00	10.48%	156	58.33%	1.04	148.14	1,080.89	150.00	1.46	3.10	4.45%	45  2.25  13  0  1000  0  1000  
45  2.15  13  0  1000  0  1000  	2015/02/25 - 2015/11/10	258	4,010	15,860.00	-5,590.00	5.59%	147	55.78%	1.08	107.89	958.57	130.00	1.36	4.01	8.72%	45  2.15  13  0  1000  0  1000  
50  2.15  14  0  1000  0  1000  	2015/11/10 - 2016/07/27	260	4,010	21,170.00	-5,780.00	5.78%	142	61.97%	1.06	149.08	682.92	205.00	1.72	5.14	0.51%	50  2.15  14  0  1000  0  1000  
50  2.15  10  0  1000  0  1000  	2016/07/27 - 2017/04/13	260	4,010	1,830.00	-8,220.00	8.22%	134	47.76%	1.16	13.66	618.18	-50.00	1.06	0.31	39.93%	50  2.15  10  0  1000  0  1000  
55  2.25  10  0  1000  0  1000  	2017/04/13 - 2017/12/29	260	4,010	9,980.00	-4,490.00	4.49%	155	53.55%	1.17	64.39	593.15	20.00	1.34	3.12	8.93%	55  2.25  10  0  1000  0  1000  
",oosCurve,updated,2018-09-12 01:55:45,2018-09-12 02:12:32
65,9,86,2,@YM.D,0,C:\ZTS\Dropbox\ats\CandidateArchive\cand_DP_9_T1_30_T2_na_mkt_63.txt,tbd,9,30,min,,,200,2010-11-22,2017-12-29,f,1,1,0,3,0,60,1.80,5,7,0,,,,0,0,1000.00000,0,1000.00000,TSI,NATR:int Fract:double Filter1_N1:int SL_switch:int SL:int PT_switch:int PT:int,259,2018-09-14,2015-11-23,2018-09-14,"50  1.70  6  0  1000  0  1000  	2010/11/22 - 2011/08/09	260	2,136	1,165.00	-3,025.00	3.02%	109	49.54%	1.15	10.69	312.84	-5.00	1.13	0.54	36.10%	50  1.70  6  0  1000  0  1000  
50  1.60  6  0  1000  0  1000  	2011/08/09 - 2012/04/25	260	2,136	3,295.00	-2,935.00	2.94%	111	59.46%	0.88	29.68	365.90	30.00	1.29	1.58	19.73%	50  1.60  6  0  1000  0  1000  
55  1.50  6  0  1000  0  1000  	2012/04/25 - 2013/01/14	264	2,136	3,580.00	-2,225.00	2.23%	112	51.79%	1.36	31.96	234.56	12.50	1.46	2.22	7.60%	55  1.50  6  0  1000  0  1000  
55  1.50  6  0  1000  0  1000  	2013/01/14 - 2013/09/25	254	2,136	-3,815.00	-4,540.00	4.54%	112	49.11%	0.69	-34.06	248.07	-7.50	0.67	-1.21	7.45%	55  1.50  6  0  1000  0  1000  
55  1.50  9  0  1000  0  1000  	2013/09/25 - 2014/06/13	261	2,136	825.00	-2,240.00	2.24%	123	52.03%	1.00	6.71	244.90	0.00	1.09	0.52	38.09%	55  1.50  9  0  1000  0  1000  
60  1.50  9  0  1000  0  1000  	2014/06/13 - 2015/03/04	264	2,136	2,525.00	-3,615.00	3.62%	123	53.66%	1.02	20.53	369.72	15.00	1.19	0.97	26.96%	60  1.50  9  0  1000  0  1000  
60  1.50  9  0  1000  0  1000  	2015/03/04 - 2015/11/13	254	2,136	2,575.00	-3,930.00	3.93%	100	56.00%	0.93	25.75	461.17	32.50	1.18	0.94	28.89%	60  1.50  9  0  1000  0  1000  
60  1.50  9  0  1000  0  1000  	2015/11/13 - 2016/08/02	263	2,136	3,725.00	-3,070.00	3.07%	111	56.76%	0.95	33.56	421.42	35.00	1.24	1.68	20.17%	60  1.50  9  0  1000  0  1000  
50  1.70  5  0  1000  0  1000  	2016/08/02 - 2017/04/18	259	2,136	6,600.00	-1,215.00	1.22%	97	64.95%	1.14	68.04	274.28	55.00	2.11	7.66	0.82%	50  1.70  5  0  1000  0  1000  
50  1.70  5  0  1000  0  1000  	2017/04/18 - 2017/12/29	255	2,136	3,295.00	-2,305.00	2.31%	95	52.63%	1.35	34.68	249.20	0.00	1.50	2.05	8.91%	50  1.70  5  0  1000  0  1000  
",oosCurve,updated,2018-09-12 05:52:38,2018-09-12 05:59:21
80,21,230,14,@S,0,C:\ZTS\Dropbox\ats\CandidateArchive\cand_DP_21_T1_30_T2_na_mkt_420.txt,tbd,5,30,min,,,200,2010-11-22,2017-12-29,f,2,1,0,10,0,50,1.80,12,10,12,,,,1,0,1000.00000,0,1000.00000,TSI,NATR:int Fract:double Filter1_N1:int Filter1_N2:int SL_switch:int SL:int PT_switch:int PT:int,244,2018-08-30,2016-02-14,2018-08-30,"45  2.10  7  13  0  1000  0  1000  	2011/04/14 - 2012/01/31	292	1,625	6,150.00	-2,125.00	2.13%	64	60.94%	1.05	96.09	516.32	87.50	1.65	3.62	7.08%	45  2.10  7  13  0  1000  0  1000  
60  1.90  7  9  0  1000  0  1000  	2012/01/31 - 2012/10/17	260	1,625	6,225.00	-3,737.50	3.74%	38	52.63%	1.53	163.82	790.87	62.50	1.70	2.34	10.48%	60  1.90  7  9  0  1000  0  1000  
50  1.60  9  9  0  1000  0  1000  	2012/10/23 - 2013/04/05	164	1,625	2,925.00	-2,762.50	2.76%	43	55.81%	1.11	68.02	502.26	87.50	1.40	2.36	18.98%	50  1.60  9  9  0  1000  0  1000  
50  1.60  10  9  0  1000  0  1000  	2013/04/05 - 2014/01/30	300	1,625	2,612.50	-2,862.50	2.86%	50	58.00%	0.99	52.25	441.00	68.75	1.36	1.11	20.31%	50  1.60  10  9  0  1000  0  1000  
45  1.60  7  9  0  1000  0  1000  	2014/01/30 - 2014/10/01	244	1,625	-350.00	-2,562.50	2.56%	67	52.24%	0.89	-5.22	418.97	0.00	0.97	-0.20	45.95%	45  1.60  7  9  0  1000  0  1000  
40  1.50  7  9  0  1000  0  1000  	2014/10/01 - 2015/06/01	243	1,625	4,037.50	-1,800.00	1.80%	54	62.96%	1.04	74.77	343.03	62.50	1.76	3.37	5.76%	40  1.50  7  9  0  1000  0  1000  
40  1.50  13  15  0  1000  0  1000  	2015/06/01 - 2016/01/12	225	1,625	1,387.50	-3,062.50	3.06%	62	53.23%	1.01	22.38	512.12	25.00	1.15	0.73	36.60%	40  1.50  13  15  0  1000  0  1000  
40  1.50  13  15  0  1000  0  1000  	2016/01/12 - 2016/09/14	246	1,625	6,100.00	-1,475.00	1.48%	40	72.50%	0.86	152.50	543.68	143.75	2.27	6.14	4.19%	40  1.50  13  15  0  1000  0  1000  
40  1.50  12  9  0  1000  0  1000  	2016/09/14 - 2017/04/28	226	1,625	-50.00	-2,987.50	2.99%	66	56.06%	0.78	-0.76	268.26	12.50	0.99	-0.03	49.09%	40  1.50  12  9  0  1000  0  1000  
40  1.50  13  10  0  1000  0  1000  	2017/04/28 - 2017/12/29	245	1,625	3,212.50	-2,137.50	2.14%	54	61.11%	1.18	59.49	240.74	50.00	1.85	2.24	3.75%	40  1.50  13  10  0  1000  0  1000  
",oosCurve,updated,2018-09-17 14:21:48,2018-09-17 14:38:50
51,14,148,3,@NQ.D,0,C:\ZTS\Dropbox\ats\CandidateArchive\cand_DP_14_T1_120_T2_1440_mkt_77.txt,tbd,9,120,min,1440,min,200,2010-11-22,2017-12-29,t,1,1,0,9,0,25,1.95,16,8,15,6,10,0,2,0,1000.00000,0,1000.00000,TSI,NATR:int Fract:double Filter1_N1:int Filter1_N2:int Filter2_N1:int SL_switch:int SL:int PT_switch:int PT:int,256,2018-09-02,2015-12-01,2018-09-02,"25  1.65  7  15  9  0  1000  0  1000  	2010/12/27 - 2011/07/26	211	702	630.00	-1,055.00	1.05%	44	56.82%	0.97	14.32	156.93	25.00	1.27	1.03	27.41%	25  1.65  7  15  9  0  1000  0  1000  
25  1.65  7  15  9  0  1000  0  1000  	2011/07/26 - 2012/05/01	280	702	1,740.00	-1,940.00	1.94%	62	64.52%	0.75	28.06	259.33	50.00	1.37	1.17	19.87%	25  1.65  7  15  9  0  1000  0  1000  
25  1.65  11  13  13  0  1000  0  1000  	2012/05/01 - 2013/02/01	276	702	15.00	-1,280.00	1.28%	52	53.85%	0.86	0.29	161.74	5.00	1.00	0.02	49.49%	25  1.65  11  13  13  0  1000  0  1000  
25  1.65  11  13  13  0  1000  0  1000  	2013/02/01 - 2013/10/17	258	702	185.00	-1,915.00	1.92%	68	51.47%	0.98	2.72	185.10	0.00	1.04	0.14	45.19%	25  1.65  11  13  13  0  1000  0  1000  
25  2.05  8  16  13  0  1000  0  1000  	2013/10/17 - 2014/07/02	258	702	505.00	-2,295.00	2.29%	63	58.73%	0.79	8.02	178.70	25.00	1.13	0.31	36.15%	25  2.05  8  16  13  0  1000  0  1000  
25  1.95  10  12  13  0  1000  0  1000  	2014/07/02 - 2015/03/03	244	702	1,300.00	-1,360.00	1.36%	67	55.22%	1.07	19.40	183.98	15.00	1.32	1.43	19.56%	25  1.95  10  12  13  0  1000  0  1000  
25  1.95  8  12  8  0  1000  0  1000  	2015/03/03 - 2015/11/23	265	702	4,340.00	-985.00	0.98%	51	64.71%	1.09	85.10	335.87	80.00	2.00	6.07	3.82%	25  1.95  8  12  8  0  1000  0  1000  
25  2.05  5  16  7  0  1000  0  1000  	2015/11/23 - 2016/07/26	246	702	1,505.00	-1,255.00	1.25%	40	52.50%	1.38	37.63	240.90	12.50	1.53	1.78	16.47%	25  2.05  5  16  7  0  1000  0  1000  
25  2.05  6  12  8  0  1000  0  1000  	2016/07/26 - 2017/04/05	259	702	-1,650.00	-2,110.00	2.11%	30	43.33%	0.74	-55.00	314.17	-10.00	0.57	-1.10	17.28%	25  2.05  6  12  8  0  1000  0  1000  
25  1.65  6  18  12  0  1000  0  1000  	2017/04/05 - 2017/12/20	259	706	2,790.00	-2,370.00	2.37%	63	65.08%	0.91	44.29	220.97	75.00	1.70	1.66	5.84%	25  1.65  6  18  12  0  1000  0  1000  
",oosCurve,updated,2018-09-12 01:36:27,2018-09-12 01:55:44
54,9,97,2,@YM.D,0,C:\ZTS\Dropbox\ats\CandidateArchive\cand_DP_9_T1_30_T2_na_mkt_40.txt,tbd,9,30,min,,,200,2010-11-22,2017-12-29,f,1,1,0,3,0,20,1.20,4,6,14,,,,1,0,1000.00000,0,1000.00000,TSI,NATR:int Fract:double Filter1_N1:int Filter1_N2:int SL_switch:int SL:int PT_switch:int PT:int,259,2018-09-05,2015-11-23,2018-09-05,"20  0.90  3  11  0  1000  0  1000  	2010/11/23 - 2011/08/09	259	2,136	-235.00	-2,750.00	2.75%	87	55.17%	0.79	-2.70	348.38	25.00	0.98	-0.12	47.13%	20  0.90  3  11  0  1000  0  1000  
15  0.90  3  11  0  1000  0  1000  	2011/08/09 - 2012/04/23	258	2,136	6,425.00	-2,665.00	2.67%	74	63.51%	0.99	86.82	433.77	110.00	1.72	3.41	4.47%	15  0.90  3  11  0  1000  0  1000  
25  1.50  3  12  0  1000  0  1000  	2012/04/23 - 2013/01/00	256	2,136	660.00	-2,490.00	2.49%	40	50.00%	1.16	16.50	282.83	17.50	1.16	0.38	35.71%	25  1.50  3  12  0  1000  0  1000  
15  1.50  3  14  0  1000  0  1000  	2013/01/00 - 2013/09/25	268	2,136	-1,185.00	-2,105.00	2.10%	42	59.52%	0.50	-28.21	256.20	32.50	0.73	-0.77	23.97%	15  1.50  3  14  0  1000  0  1000  
15  0.90  4  16  0  1000  0  1000  	2013/09/27 - 2014/06/16	262	2,136	250.00	-2,535.00	2.54%	66	59.09%	0.72	3.79	222.18	22.50	1.05	0.14	44.51%	15  0.90  4  16  0  1000  0  1000  
15  0.90  9  16  0  1000  0  1000  	2014/06/16 - 2015/03/04	261	2,136	1,010.00	-5,275.00	5.28%	81	50.62%	1.06	12.47	463.10	10.00	1.08	0.27	40.46%	15  0.90  9  16  0  1000  0  1000  
10  1.20  9  12  0  1000  0  1000  	2015/03/04 - 2015/11/13	254	2,136	3,930.00	-1,925.00	1.93%	58	63.79%	0.89	67.76	463.55	60.00	1.56	2.93	13.51%	10  1.20  9  12  0  1000  0  1000  
10  1.20  9  12  0  1000  0  1000  	2015/11/13 - 2016/08/01	262	2,136	3,225.00	-4,915.00	4.92%	67	61.19%	0.82	48.13	492.74	135.00	1.29	0.91	21.34%	10  1.20  9  12  0  1000  0  1000  
20  1.30  6  12  0  1000  0  1000  	2016/08/01 - 2017/04/11	256	2,136	5,410.00	-1,360.00	1.36%	61	63.93%	1.22	88.69	325.40	90.00	2.16	5.67	1.87%	20  1.30  6  12  0  1000  0  1000  
15  1.20  5  17  0  1000  0  1000  	2017/04/11 - 2017/12/20	253	2,136	1,450.00	-2,150.00	2.15%	67	61.19%	0.79	21.64	289.80	30.00	1.24	0.97	27.16%	15  1.20  5  17  0  1000  0  1000  
",oosCurve,updated,2018-09-12 02:36:55,2018-09-12 03:09:58
61,9,87,2,@YM.D,0,C:\ZTS\Dropbox\ats\CandidateArchive\cand_DP_9_T1_30_T2_na_mkt_7.txt,tbd,9,30,min,,,200,2010-11-22,2017-12-29,f,1,1,0,2,0,10,1.20,4,5,14,,,,1,0,1000.00000,0,1000.00000,TSI,NATR:int Fract:double Filter1_N1:int Filter1_N2:int SL_switch:int SL:int PT_switch:int PT:int,258,2018-08-28,2015-11-22,2018-08-28,"15  0.90  2  12  0  1000  0  1000  	2010/11/15 - 2011/07/29	256	2,136	-1,415.00	-3,180.00	3.18%	54	51.85%	0.71	-26.20	238.96	15.00	0.76	-0.63	21.20%	15  0.90  2  12  0  1000  0  1000  
20  0.90  2  12  0  1000  0  1000  	2011/07/29 - 2012/04/19	265	2,136	8,360.00	-1,560.00	1.56%	49	73.47%	1.13	170.61	401.46	105.00	3.13	7.38	0.23%	20  0.90  2  12  0  1000  0  1000  
20  0.90  2  15  0  1000  0  1000  	2012/04/19 - 2012/12/28	253	2,136	1,825.00	-1,410.00	1.41%	40	62.50%	0.88	45.63	314.63	117.50	1.47	1.87	18.24%	20  0.90  2  15  0  1000  0  1000  
20  0.90  6  12  0  1000  0  1000  	2012/12/28 - 2013/09/27	273	2,136	1,180.00	-1,115.00	1.11%	42	59.52%	0.96	28.10	227.99	47.50	1.41	1.41	21.46%	20  0.90  6  12  0  1000  0  1000  
20  0.90  6  12  0  1000  0  1000  	2013/09/27 - 2014/06/09	255	2,136	-175.00	-2,290.00	2.29%	50	54.00%	0.82	-3.50	252.75	27.50	0.96	-0.11	46.12%	20  0.90  6  12  0  1000  0  1000  
15  1  5  12  0  1000  0  1000  	2014/06/09 - 2015/03/04	268	2,136	1,030.00	-3,230.00	3.23%	36	55.56%	0.95	28.61	458.03	65.00	1.19	0.43	35.50%	15  1  5  12  0  1000  0  1000  
10  0.90  5  11  0  1000  0  1000  	2015/03/04 - 2015/11/13	254	2,136	2,970.00	-3,280.00	3.28%	45	62.22%	0.87	66.00	586.57	70.00	1.44	1.30	22.72%	10  0.90  5  11  0  1000  0  1000  
20  0.90  6  12  0  1000  0  1000  	2015/11/13 - 2016/07/29	259	2,136	2,695.00	-4,550.00	4.55%	55	65.45%	0.67	49.00	519.23	135.00	1.27	0.83	24.35%	20  0.90  6  12  0  1000  0  1000  
5  0.90  5  12  0  1000  0  1000  	2016/07/29 - 2017/04/04	249	2,136	5,330.00	-950.00	0.95%	42	66.67%	2.13	126.90	256.90	75.00	4.25	8.22	0.13%	5  0.90  5  12  0  1000  0  1000  
5  0.90  6  12  0  1000  0  1000  	2017/04/04 - 2017/12/13	253	2,136	1,970.00	-2,180.00	2.18%	45	60.00%	1.02	43.78	285.16	35.00	1.53	1.30	15.44%	5  0.90  6  12  0  1000  0  1000  
",oosCurve,updated,2018-09-12 04:47:09,2018-09-12 05:10:25
66,17,164,4,@RTY.D,0,C:\ZTS\Dropbox\ats\CandidateArchive\cand_DP_17_T1_15_T2_na_mkt_63.txt,tbd,9,15,min,,,200,,,f,3,1,0,5,0,55,2.40,26,18,4,,,,1,0,1000.00000,0,1000.00000,TSI,NATR:int Fract:double Filter1_N1:int Filter1_N2:int SL_switch:int SL:int PT_switch:int PT:int,260,2018-09-13,2015-11-13,2018-09-13,"60  2.50  17  2  0  1000  0  1000  	2010/11/16 - 2011/08/02	259	4,266	840.00	-2,235.00	2.23%	117	53.85%	0.92	7.18	254.61	20.00	1.08	0.53	38.05%	60  2.50  17  2  0  1000  0  1000  
60  2.50  18  2  0  1000  0  1000  	2011/08/02 - 2012/04/18	260	4,266	12,635.00	-3,750.00	3.75%	106	59.43%	1.44	119.20	462.49	70.00	2.10	4.73	0.46%	60  2.50  18  2  0  1000  0  1000  
45  2.10  17  3  0  1000  0  1000  	2012/04/18 - 2013/01/07	264	4,266	295.00	-3,150.00	3.15%	111	50.45%	1.01	2.66	268.10	5.00	1.03	0.13	45.85%	45  2.10  17  3  0  1000  0  1000  
50  2.10  17  3  0  1000  0  1000  	2013/01/07 - 2013/09/18	254	4,266	955.00	-3,555.00	3.56%	109	55.05%	0.90	8.76	249.95	20.00	1.10	0.39	35.76%	50  2.10  17  3  0  1000  0  1000  
45  2.50  20  1  0  1000  0  1000  	2013/09/18 - 2014/06/09	264	4,266	4,725.00	-2,655.00	2.65%	139	58.27%	0.95	33.99	319.41	60.00	1.32	2.46	10.59%	45  2.50  20  1  0  1000  0  1000  
45  2.50  20  1  0  1000  0  1000  	2014/06/09 - 2015/02/24	260	4,266	10.00	-4,980.00	4.98%	136	52.21%	0.92	0.07	404.66	10.00	1.00	0.00	49.92%	45  2.50  20  1  0  1000  0  1000  
50  2.10  15  1  0  1000  0  1000  	2015/02/24 - 2015/11/05	254	4,266	11,675.00	-1,745.00	1.75%	129	57.36%	1.42	90.50	410.83	50.00	1.91	9.61	0.68%	50  2.10  15  1  0  1000  0  1000  
50  2.10  15  1  0  1000  0  1000  	2015/11/05 - 2016/07/25	263	4,266	4,235.00	-3,310.00	3.31%	141	57.45%	0.90	30.04	429.60	60.00	1.21	1.78	20.39%	50  2.10  15  1  0  1000  0  1000  
50  2.10  15  1  0  1000  0  1000  	2016/07/25 - 2017/04/06	255	4,266	3,555.00	-4,275.00	4.28%	139	52.52%	1.10	25.58	347.81	30.00	1.21	1.19	19.37%	50  2.10  15  1  0  1000  0  1000  
45  2.10  15  3  0  1000  0  1000  	2017/04/06 - 2017/12/27	265	4,270	-7,470.00	-8,095.00	8.10%	118	38.98%	0.89	-63.31	296.62	-60.00	0.57	-1.27	1.11%	45  2.10  15  3  0  1000  0  1000  
",CA,working,2018-09-13 15:35:27,2018-09-13 16:30:45
63,2,73,6,@CL,3,C:\ZTS\Dropbox\ats\CandidateArchive\cand_DP_2_T1_15_T2_na_mkt_22.txt,tbd,7,15,min,,,200,2010-11-22,2017-12-29,f,3,1,0,4,0,40,2.25,24,18,0,,,,0,0,1000.00000,0,1000.00000,TSI,NATR:int Fract:double Filter1_N1:int SL_switch:int SL:int PT_switch:int PT:int,260,2018-09-15,2015-11-13,2018-09-15,"40  2.35  16  0  1000  0  1000  	2010/11/11 - 2011/07/29	260	4,010	20,620.00	-7,620.00	7.62%	139	53.24%	1.22	148.35	1,260.59	40.00	1.38	3.80	8.38%	40  2.35  16  0  1000  0  1000  
40  2.35  16  0  1000  0  1000  	2011/07/29 - 2012/04/16	262	4,010	23,300.00	-16,120.00	16.12%	140	57.14%	1.10	166.43	1,171.99	80.00	1.47	2.01	4.76%	40  2.35  16  0  1000  0  1000  
35  2.55  16  0  1000  0  1000  	2012/04/16 - 2012/12/26	254	4,010	1,160.00	-12,650.00	12.65%	152	47.37%	1.14	7.63	902.87	-50.00	1.02	0.13	45.86%	35  2.55  16  0  1000  0  1000  
35  2.55  20  0  1000  0  1000  	2012/12/26 - 2013/09/18	266	4,010	3,040.00	-12,200.00	12.20%	156	50.64%	1.04	19.49	797.40	10.00	1.06	0.34	38.03%	35  2.55  20  0  1000  0  1000  
30  2.25  19  0  1000  0  1000  	2013/09/18 - 2014/06/09	264	4,010	16,010.00	-3,610.00	3.61%	136	56.62%	1.26	117.72	649.05	65.00	1.64	6.13	1.81%	30  2.25  19  0  1000  0  1000  
35  2.55  19  0  1000  0  1000  	2014/06/10 - 2015/02/24	259	4,010	14,570.00	-12,520.00	12.52%	146	57.53%	0.96	99.79	1,070.35	165.00	1.30	1.64	13.09%	35  2.55  19  0  1000  0  1000  
45  2.15  17  0  1000  0  1000  	2015/02/24 - 2015/11/10	259	4,010	19,710.00	-4,940.00	4.94%	132	59.09%	1.05	149.32	978.86	225.00	1.51	5.62	4.10%	45  2.15  17  0  1000  0  1000  
30  2.15  17  0  1000  0  1000  	2015/11/10 - 2016/07/27	260	4,010	18,460.00	-6,040.00	6.04%	136	61.76%	1.00	135.74	694.58	205.00	1.62	4.29	1.21%	30  2.15  17  0  1000  0  1000  
30  2.15  17  0  1000  0  1000  	2016/07/27 - 2017/04/13	260	4,010	-430.00	-7,330.00	7.33%	126	45.24%	1.19	-3.41	684.14	-95.00	0.99	-0.08	47.77%	30  2.15  17  0  1000  0  1000  
35  2.15  17  0  1000  0  1000  	2017/04/13 - 2017/12/29	260	4,010	13,230.00	-3,600.00	3.60%	134	54.48%	1.30	98.73	612.80	40.00	1.56	5.16	3.22%	35  2.15  17  0  1000  0  1000  
",oosCurve,updated,2018-09-12 05:17:27,2018-09-12 05:33:50
55,10,119,1,@ES.D,0,C:\ZTS\Dropbox\ats\CandidateArchive\cand_DP_10_T1_30_T2_na_mkt_130.txt,tbd,9,30,min,,,200,2010-11-22,2017-12-29,f,1,1,0,5,0,25,2.55,16,13,10,,,,0,0,1000.00000,0,1000.00000,TSI,NATR:int Fract:double Filter1_N1:int Filter1_N2:int SL_switch:int SL:int PT_switch:int PT:int,259,2018-09-06,2015-11-19,2018-09-06,"15  2.75  15  9  0  1000  0  1000  	2010/11/19 - 2011/07/21	244	2,136	987.50	-1,662.50	1.66%	73	56.16%	0.92	13.53	224.92	37.50	1.18	0.89	30.45%	15  2.75  15  9  0  1000  0  1000  
15  2.75  15  9  0  1000  0  1000  	2011/07/21 - 2012/04/25	279	2,136	6,412.50	-2,175.00	2.17%	73	68.49%	0.86	87.84	390.84	87.50	1.87	3.86	2.94%	15  2.75  15  9  0  1000  0  1000  
15  2.85  15  9  0  1000  0  1000  	2012/04/25 - 2013/01/10	260	2,136	3,200.00	-2,650.00	2.65%	65	58.46%	1.05	49.23	345.12	62.50	1.47	1.70	12.72%	15  2.85  15  9  0  1000  0  1000  
25  2.45  10  8  0  1000  0  1000  	2013/01/10 - 2013/09/24	257	2,136	275.00	-2,575.00	2.58%	67	53.73%	0.90	4.10	274.28	12.50	1.04	0.15	45.14%	25  2.45  10  8  0  1000  0  1000  
30  2.35  10  8  0  1000  0  1000  	2013/09/24 - 2014/05/27	245	2,136	-25.00	-4,275.00	4.28%	58	58.62%	0.70	-0.43	375.09	6.25	1.00	-0.01	49.65%	30  2.35  10  8  0  1000  0  1000  
25  2.25  10  8  0  1000  0  1000  	2014/05/27 - 2015/03/04	285	2,136	4,975.00	-2,812.50	2.81%	72	58.33%	1.16	69.10	424.03	75.00	1.63	2.27	8.55%	25  2.25  10  8  0  1000  0  1000  
20  2.25  10  8  0  1000  0  1000  	2015/03/04 - 2015/11/10	251	2,136	2,487.50	-3,575.00	3.58%	78	60.26%	0.80	31.89	473.85	31.25	1.21	1.01	27.70%	20  2.25  10  8  0  1000  0  1000  
25  2.25  10  9  0  1000  0  1000  	2015/11/10 - 2016/07/29	262	2,136	8,137.50	-2,125.00	2.13%	75	64.00%	1.03	108.50	477.24	125.00	1.83	5.33	2.64%	25  2.25  10  9  0  1000  0  1000  
20  2.25  15  8  0  1000  0  1000  	2016/07/29 - 2017/04/17	262	2,136	-800.00	-2,675.00	2.67%	76	48.68%	0.96	-10.53	344.09	-31.25	0.91	-0.42	39.52%	20  2.25  15  8  0  1000  0  1000  
25  2.25  11  9  0  1000  0  1000  	2017/04/17 - 2017/12/21	248	2,136	875.00	-2,712.50	2.71%	78	55.13%	0.91	11.22	270.60	0.00	1.12	0.47	35.76%	25  2.25  11  9  0  1000  0  1000  
",oosCurve,updated,2018-09-12 03:09:59,2018-09-12 03:33:18
57,9,88,2,@YM.D,0,C:\ZTS\Dropbox\ats\CandidateArchive\cand_DP_9_T1_30_T2_na_mkt_60.txt,tbd,9,30,min,,,200,2010-11-22,2017-12-29,f,1,1,0,5,0,10,1.65,38,2,4,,,,1,0,1000.00000,0,1000.00000,TSI,NATR:int Fract:double Filter1_N1:int Filter1_N2:int SL_switch:int SL:int PT_switch:int PT:int,260,2018-09-07,2015-11-24,2018-09-07,"5  1.35  4  4  0  1000  0  1000  	2010/11/19 - 2011/08/09	263	2,136	1,125.00	-1,515.00	1.51%	88	59.09%	0.80	12.78	262.77	25.00	1.15	1.03	32.46%	5  1.35  4  4  0  1000  0  1000  
5  1.45  5  4  0  1000  0  1000  	2011/08/09 - 2012/04/25	260	2,136	6,665.00	-2,985.00	2.98%	82	56.10%	1.43	81.28	357.76	75.00	1.82	3.13	2.14%	5  1.45  5  4  0  1000  0  1000  
5  1.45  5  7  0  1000  0  1000  	2012/04/25 - 2013/01/14	264	2,136	2,055.00	-3,295.00	3.29%	74	51.35%	1.24	27.77	273.62	7.50	1.31	0.86	19.27%	5  1.45  5  7  0  1000  0  1000  
20  1.95  4  7  0  1000  0  1000  	2013/01/14 - 2013/09/24	257	2,136	-15.00	-3,345.00	3.35%	70	50.00%	1.00	-0.21	241.02	-2.50	1.00	-0.01	49.70%	20  1.95  4  7  0  1000  0  1000  
15  1.35  5  7  0  1000  0  1000  	2013/09/24 - 2014/06/09	258	2,136	3,505.00	-1,220.00	1.22%	67	55.22%	1.47	52.31	270.56	30.00	1.82	4.06	5.91%	15  1.35  5  7  0  1000  0  1000  
10  1.35  2  4  0  1000  0  1000  	2014/06/09 - 2015/03/04	268	2,136	5,475.00	-2,960.00	2.96%	90	57.78%	1.15	60.83	391.27	40.00	1.58	2.52	7.19%	10  1.35  2  4  0  1000  0  1000  
10  1.35  2  5  0  1000  0  1000  	2015/03/04 - 2015/11/12	253	2,136	-4,150.00	-8,020.00	8.02%	88	56.82%	0.58	-47.16	541.14	12.50	0.76	-0.75	20.79%	10  1.35  2  5  0  1000  0  1000  
20  1.45  5  6  0  1000  0  1000  	2015/11/12 - 2016/07/29	261	2,136	5,120.00	-2,815.00	2.81%	70	61.43%	0.97	73.14	438.21	65.00	1.54	2.54	8.35%	20  1.45  5  6  0  1000  0  1000  
10  1.85  3  4  0  1000  0  1000  	2016/07/29 - 2017/04/17	262	2,136	2,075.00	-2,520.00	2.52%	71	52.11%	1.19	29.23	310.70	0.00	1.30	1.15	21.53%	10  1.85  3  4  0  1000  0  1000  
20  1.45  2  5  0  1000  0  1000  	2017/04/17 - 2017/12/28	255	2,136	3,885.00	-1,795.00	1.79%	86	58.14%	1.21	45.17	224.61	37.50	1.68	3.10	3.28%	20  1.45  2  5  0  1000  0  1000  
",oosCurve,updated,2018-09-12 03:48:43,2018-09-12 04:02:20
69,17,165,4,@RTY.D,0,C:\ZTS\Dropbox\ats\CandidateArchive\cand_DP_17_T1_15_T2_na_mkt_46.txt,tbd,9,15,min,,,200,2010-11-22,2017-12-29,f,1,1,0,3,0,30,1.95,6,16,0,,,,1,0,1000.00000,0,1000.00000,TSI,NATR:int Fract:double Filter1_N1:int SL_switch:int SL:int PT_switch:int PT:int,260,2018-09-14,2015-11-12,2018-09-14,"25  2.25  14  0  1000  0  1000  	2010/11/15 - 2011/07/29	256	4,266	525.00	-1,830.00	1.83%	82	54.88%	0.89	6.40	229.47	20.00	1.08	0.41	40.06%	25  2.25  14  0  1000  0  1000  
25  2.25  13  0  1000  0  1000  	2011/07/29 - 2012/04/17	263	4,266	4,470.00	-2,065.00	2.06%	80	61.25%	0.95	55.88	364.73	70.00	1.50	3.00	8.73%	25  2.25  13  0  1000  0  1000  
30  2.25  13  0  1000  0  1000  	2012/04/17 - 2013/01/04	262	4,266	1,640.00	-1,270.00	1.27%	74	55.41%	1.04	22.16	211.47	15.00	1.30	1.80	18.51%	30  2.25  13  0  1000  0  1000  
30  2.25  13  0  1000  0  1000  	2013/01/04 - 2013/09/13	252	4,266	3,795.00	-950.00	0.95%	87	64.37%	1.08	43.62	175.81	55.00	1.95	5.79	1.15%	30  2.25  13  0  1000  0  1000  
25  2.05  17  0  1000  0  1000  	2013/09/16 - 2014/06/09	266	4,266	1,355.00	-3,055.00	3.06%	107	59.81%	0.76	12.66	259.92	45.00	1.13	0.61	30.77%	25  2.05  17  0  1000  0  1000  
35  2.05  16  0  1000  0  1000  	2014/06/09 - 2015/02/23	259	4,266	760.00	-3,480.00	3.48%	93	54.84%	0.87	8.17	397.59	25.00	1.06	0.31	42.17%	35  2.05  16  0  1000  0  1000  
40  1.85  13  0  1000  0  1000  	2015/02/23 - 2015/11/05	255	4,266	5,115.00	-1,430.00	1.43%	86	54.65%	1.36	59.48	340.44	22.50	1.64	5.12	5.45%	40  1.85  13  0  1000  0  1000  
30  2.05  13  0  1000  0  1000  	2015/11/05 - 2016/07/22	260	4,266	4,115.00	-2,490.00	2.49%	98	57.14%	0.99	41.99	414.92	52.50	1.32	2.32	15.95%	30  2.05  13  0  1000  0  1000  
30  2.15  19  0  1000  0  1000  	2016/07/22 - 2017/04/06	258	4,266	680.00	-2,150.00	2.15%	77	51.95%	1.00	8.83	302.66	10.00	1.08	0.45	39.93%	30  2.15  19  0  1000  0  1000  
35  1.85  13  0  1000  0  1000  	2017/04/06 - 2017/12/28	266	4,270	1,125.00	-3,070.00	3.07%	117	52.99%	0.97	9.62	311.66	5.00	1.09	0.50	36.96%	35  1.85  13  0  1000  0  1000  
",oosCurve,updated,2018-09-13 22:01:21,2018-09-13 22:12:18
68,17,182,4,@RTY.D,1,C:\ZTS\Dropbox\ats\CandidateArchive\cand_DP_17_T1_15_T2_na_mkt_13.txt,tbd,9,15,min,,,200,2010-11-22,2017-12-29,f,3,1,0,3,0,25,1.95,27,3,0,,,,0,0,1000.00000,0,1000.00000,TSI,NATR:int Fract:double Filter1_N1:int SL_switch:int SL:int PT_switch:int PT:int,260,2018-09-14,2015-11-12,2018-09-14,"15  2.15  4  0  1000  0  1000  	2010/11/16 - 2011/08/02	259	4,266	3,895.00	-2,680.00	2.68%	160	59.38%	0.91	24.34	233.34	40.00	1.33	2.05	9.44%	15  2.15  4  0  1000  0  1000  
30  2.05  4  0  1000  0  1000  	2011/08/02 - 2012/04/18	260	4,266	16,030.00	-2,605.00	2.60%	158	59.49%	1.45	101.46	398.97	40.00	2.13	8.64	0.08%	30  2.05  4  0  1000  0  1000  
20  2.05  3  0  1000  0  1000  	2012/04/18 - 2013/01/07	264	4,266	-485.00	-3,755.00	3.75%	159	49.69%	0.98	-3.05	253.70	-5.00	0.97	-0.18	43.98%	20  2.05  3  0  1000  0  1000  
25  2.05  4  0  1000  0  1000  	2013/01/07 - 2013/09/20	256	4,266	3,365.00	-3,205.00	3.21%	154	61.04%	0.82	21.85	253.89	30.00	1.29	1.50	14.36%	25  2.05  4  0  1000  0  1000  
15  2.25  5  0  1000  0  1000  	2013/09/20 - 2014/06/09	262	4,266	-2,210.00	-5,780.00	5.78%	160	48.13%	0.95	-13.81	307.81	-10.00	0.88	-0.53	28.56%	15  2.25  5  0  1000  0  1000  
20  2.05  6  0  1000  0  1000  	2014/06/09 - 2015/02/24	260	4,266	3,410.00	-4,610.00	4.61%	155	52.26%	1.08	22.00	350.14	15.00	1.18	1.04	21.76%	20  2.05  6  0  1000  0  1000  
30  1.85  6  0  1000  0  1000  	2015/02/24 - 2015/11/05	254	4,266	7,850.00	-2,460.00	2.46%	160	55.63%	1.18	49.06	369.87	20.00	1.48	4.59	4.77%	30  1.85  6  0  1000  0  1000  
30  1.85  6  0  1000  0  1000  	2015/11/05 - 2016/07/25	263	4,266	9,440.00	-2,600.00	2.60%	161	55.28%	1.22	58.63	377.18	55.00	1.51	5.04	2.51%	30  1.85  6  0  1000  0  1000  
30  1.85  6  0  1000  0  1000  	2016/07/25 - 2017/04/07	256	4,266	6,150.00	-2,100.00	2.10%	161	57.14%	1.03	38.20	339.91	40.00	1.37	4.18	7.79%	30  1.85  6  0  1000  0  1000  
30  1.95  6  0  1000  0  1000  	2017/04/07 - 2017/12/29	266	4,270	370.00	-3,620.00	3.62%	159	42.77%	1.37	2.33	283.68	-30.00	1.02	0.14	45.89%	30  1.95  6  0  1000  0  1000  
",oosCurve,updated,2018-09-13 21:41:37,2018-09-13 21:52:19
70,17,171,4,@RTY.D,0,C:\ZTS\Dropbox\ats\CandidateArchive\cand_DP_17_T1_15_T2_na_mkt_76.txt,tbd,9,15,min,,,200,2010-11-22,2017-12-29,f,3,1,0,5,0,55,2.40,26,15,4,,,,1,0,1000.00000,0,1000.00000,TSI,NATR:int Fract:double Filter1_N1:int Filter1_N2:int SL_switch:int SL:int PT_switch:int PT:int,260,2018-09-13,2015-11-13,2018-09-13,"60  2.50  17  2  0  1000  0  1000  	2010/11/16 - 2011/08/02	259	4,266	840.00	-2,235.00	2.23%	117	53.85%	0.92	7.18	254.61	20.00	1.08	0.53	38.05%	60  2.50  17  2  0  1000  0  1000  
45  2.50  13  2  0  1000  0  1000  	2011/08/02 - 2012/04/18	260	4,266	14,525.00	-2,785.00	2.79%	107	61.68%	1.49	135.75	450.18	80.00	2.39	7.32	0.12%	45  2.50  13  2  0  1000  0  1000  
45  2.10  12  2  0  1000  0  1000  	2012/04/18 - 2013/01/07	264	4,266	-1,505.00	-4,410.00	4.41%	132	46.97%	1.02	-11.40	289.99	-22.50	0.90	-0.47	32.61%	45  2.10  12  2  0  1000  0  1000  
50  2.10  12  3  0  1000  0  1000  	2013/01/07 - 2013/09/18	254	4,266	1,040.00	-3,525.00	3.52%	113	55.75%	0.88	9.20	250.15	20.00	1.11	0.42	34.82%	50  2.10  12  3  0  1000  0  1000  
45  2.50  18  1  0  1000  0  1000  	2013/09/18 - 2014/06/09	264	4,266	4,870.00	-2,655.00	2.65%	139	58.27%	0.96	35.04	320.01	60.00	1.33	2.54	9.95%	45  2.50  18  1  0  1000  0  1000  
45  2.50  18  1  0  1000  0  1000  	2014/06/09 - 2015/02/24	260	4,266	255.00	-4,890.00	4.89%	136	52.94%	0.90	1.88	404.78	37.50	1.01	0.07	47.85%	45  2.50  18  1  0  1000  0  1000  
50  2.10  15  1  0  1000  0  1000  	2015/02/24 - 2015/11/05	254	4,266	11,675.00	-1,745.00	1.75%	129	57.36%	1.42	90.50	410.83	50.00	1.91	9.61	0.68%	50  2.10  15  1  0  1000  0  1000  
50  2.10  15  1  0  1000  0  1000  	2015/11/05 - 2016/07/25	263	4,266	4,235.00	-3,310.00	3.31%	141	57.45%	0.90	30.04	429.60	60.00	1.21	1.78	20.39%	50  2.10  15  1  0  1000  0  1000  
50  2.10  15  1  0  1000  0  1000  	2016/07/25 - 2017/04/06	255	4,266	3,555.00	-4,275.00	4.28%	139	52.52%	1.10	25.58	347.81	30.00	1.21	1.19	19.37%	50  2.10  15  1  0  1000  0  1000  
45  2.10  15  3  0  1000  0  1000  	2017/04/06 - 2017/12/27	265	4,270	-7,470.00	-8,095.00	8.10%	118	38.98%	0.89	-63.31	296.62	-60.00	0.57	-1.27	1.11%	45  2.10  15  3  0  1000  0  1000  
",oosCurve,updated,2018-09-13 22:19:12,2018-09-13 23:19:01
71,18,198,14,@S,2,C:\ZTS\Dropbox\ats\CandidateArchive\cand_DP_18_T1_15_T2_na_mkt_501.txt,tbd,5,15,min,,,200,2010-11-22,2017-12-29,f,2,1,0,12,0,25,1.20,28,0,0,,,,0,0,1000.00000,0,1000.00000,TSI,NATR:int Fract:double SL_switch:int SL:int PT_switch:int PT:int,244,2018-08-28,2016-02-02,2018-08-28,"10  1.50  0  1000  0  1000  	2011/04/26 - 2012/02/16	296	3,082	7,650.00	-2,800.00	2.80%	110	53.64%	1.36	69.55	417.05	37.50	1.57	3.37	4.16%	10  1.50  0  1000  0  1000  
25  1.10  0  1000  0  1000  	2012/02/16 - 2012/10/26	254	3,082	1,650.00	-3,775.00	3.77%	84	48.81%	1.16	19.64	558.78	-31.25	1.11	0.63	37.41%	25  1.10  0  1000  0  1000  
35  1.50  0  1000  0  1000  	2012/10/26 - 2013/06/21	238	3,082	-500.00	-4,500.00	4.50%	101	42.57%	1.31	-4.95	480.59	-37.50	0.97	-0.17	45.89%	35  1.50  0  1000  0  1000  
40  1.50  0  1000  0  1000  	2013/06/21 - 2014/02/14	238	3,082	4,375.00	-3,237.50	3.24%	98	54.08%	1.08	44.64	511.25	31.25	1.27	2.07	19.47%	40  1.50  0  1000  0  1000  
40  1.50  0  1000  0  1000  	2014/02/14 - 2014/10/03	231	3,082	750.00	-5,587.50	5.59%	94	48.94%	1.09	7.98	533.36	-12.50	1.04	0.21	44.25%	40  1.50  0  1000  0  1000  
10  1.10  0  1000  0  1000  	2014/10/07 - 2015/06/01	237	3,082	7,137.50	-1,562.50	1.56%	75	61.33%	1.25	95.17	377.05	112.50	1.98	7.04	1.60%	10  1.10  0  1000  0  1000  
10  1.10  0  1000  0  1000  	2015/06/01 - 2016/01/22	235	3,082	3,900.00	-1,900.00	1.90%	75	56.00%	1.30	52.00	281.79	37.50	1.66	3.19	5.71%	10  1.10  0  1000  0  1000  
10  1.10  0  1000  0  1000  	2016/01/22 - 2016/09/14	236	3,082	3,700.00	-2,550.00	2.55%	81	54.32%	1.14	45.68	492.63	12.50	1.36	2.24	20.32%	10  1.10  0  1000  0  1000  
10  0.90  0  1000  0  1000  	2016/09/14 - 2017/05/04	232	3,082	-1,025.00	-3,487.50	3.49%	82	57.32%	0.66	-12.50	307.03	18.75	0.88	-0.46	35.67%	10  0.90  0  1000  0  1000  
30  1.10  0  1000  0  1000  	2017/05/04 - 2017/12/27	239	3,085	2,387.50	-2,537.50	2.54%	76	59.21%	0.92	31.41	327.83	37.50	1.33	1.44	20.31%	30  1.10  0  1000  0  1000  
",oosCurve,updated,2018-09-14 22:49:47,2018-09-14 22:53:50
59,9,98,2,@YM.D,0,C:\ZTS\Dropbox\ats\CandidateArchive\cand_DP_9_T1_30_T2_na_mkt_33.txt,tbd,9,30,min,,,200,2010-11-22,2017-12-29,f,1,1,0,5,0,25,2.25,35,13,2,,,,0,0,1000.00000,0,1000.00000,TSI,NATR:int Fract:double Filter1_N1:int Filter1_N2:int SL_switch:int SL:int PT_switch:int PT:int,259,2018-09-06,2015-11-23,2018-09-06,"20  2.25  16  1  0  1000  0  1000  	2010/11/19 - 2011/08/09	263	2,136	5.00	-1,625.00	1.63%	82	51.22%	0.95	0.06	192.48	2.50	1.00	0.00	49.89%	20  2.25  16  1  0  1000  0  1000  
15  1.95  11  1  0  1000  0  1000  	2011/08/09 - 2012/04/25	260	2,136	4,365.00	-2,985.00	2.98%	88	59.09%	1.12	49.60	297.55	22.50	1.61	2.05	6.07%	15  1.95  11  1  0  1000  0  1000  
15  1.95  11  1  0  1000  0  1000  	2012/04/25 - 2013/01/14	264	2,136	775.00	-3,315.00	3.31%	82	51.22%	1.05	9.45	275.54	10.00	1.10	0.32	37.85%	15  1.95  11  1  0  1000  0  1000  
20  1.95  11  1  0  1000  0  1000  	2013/01/14 - 2013/09/24	253	2,136	-2,240.00	-5,325.00	5.33%	93	50.54%	0.72	-24.09	235.26	0.00	0.74	-0.61	16.30%	20  1.95  11  1  0  1000  0  1000  
30  1.95  16  1  0  1000  0  1000  	2013/09/24 - 2014/06/10	259	2,136	940.00	-2,755.00	2.75%	77	58.44%	0.81	12.21	267.40	20.00	1.14	0.48	34.49%	30  1.95  16  1  0  1000  0  1000  
30  1.95  16  1  0  1000  0  1000  	2014/06/10 - 2015/03/04	267	2,136	2,965.00	-1,995.00	2.00%	86	53.49%	1.17	34.48	346.92	15.00	1.35	2.03	17.97%	30  1.95  16  1  0  1000  0  1000  
30  1.95  14  1  0  1000  0  1000  	2015/03/04 - 2015/11/12	253	2,136	-2,315.00	-6,780.00	6.78%	70	48.57%	0.89	-33.07	575.99	-12.50	0.84	-0.49	31.62%	30  1.95  14  1  0  1000  0  1000  
15  2.55  12  1  0  1000  0  1000  	2015/11/12 - 2016/07/29	262	2,136	6,815.00	-2,045.00	2.04%	67	71.64%	1.00	101.72	318.96	80.00	2.54	4.64	0.56%	15  2.55  12  1  0  1000  0  1000  
15  2.55  12  1  0  1000  0  1000  	2016/07/29 - 2017/04/17	262	2,136	1,860.00	-1,455.00	1.46%	52	51.92%	1.38	35.77	298.79	7.50	1.49	1.78	19.60%	15  2.55  12  1  0  1000  0  1000  
15  2.55  12  1  0  1000  0  1000  	2017/04/17 - 2017/12/21	248	2,136	3,230.00	-1,030.00	1.03%	74	59.46%	1.28	43.65	210.46	25.00	1.88	4.62	3.93%	15  2.55  12  1  0  1000  0  1000  
",oosCurve,updated,2018-09-12 04:15:37,2018-09-12 04:32:33
73,18,192,14,@S,0,C:\ZTS\Dropbox\ats\CandidateArchive\cand_DP_18_T1_15_T2_na_mkt_855.txt,tbd,5,15,min,,,200,2010-11-22,2017-12-29,f,2,1,0,12,0,25,0.90,30,19,0,,,,0,0,1000.00000,0,1000.00000,TSI,NATR:int Fract:double Filter1_N1:int SL_switch:int SL:int PT_switch:int PT:int,243,2018-08-12,2016-02-08,2018-08-12,"15  1.20  20  0  1000  0  1000  	2011/04/27 - 2012/02/16	295	3,082	3,587.50	-2,775.00	2.77%	65	56.92%	1.08	55.19	408.74	50.00	1.43	1.60	14.02%	15  1.20  20  0  1000  0  1000  
15  1.20  18  0  1000  0  1000  	2012/02/16 - 2012/10/26	253	3,082	1,100.00	-3,400.00	3.40%	93	49.46%	1.09	11.83	528.49	-12.50	1.07	0.47	41.48%	15  1.20  18  0  1000  0  1000  
15  1.20  18  0  1000  0  1000  	2012/10/26 - 2013/06/19	236	3,082	-975.00	-6,850.00	6.85%	71	47.89%	1.01	-13.73	540.39	-12.50	0.93	-0.22	41.55%	15  1.20  18  0  1000  0  1000  
20  0.80  16  0  1000  0  1000  	2013/06/19 - 2014/02/14	240	3,082	2,437.50	-2,762.50	2.76%	61	45.90%	1.53	39.96	420.34	-50.00	1.30	1.34	23.03%	20  0.80  16  0  1000  0  1000  
20  0.80  18  0  1000  0  1000  	2014/02/14 - 2014/08/15	182	3,082	-400.00	-3,512.50	3.51%	59	47.46%	1.07	-6.78	594.01	-25.00	0.97	-0.23	46.52%	20  0.80  18  0  1000  0  1000  
25  0.90  18  0  1000  0  1000  	2014/08/15 - 2015/05/12	270	3,082	3,350.00	-3,012.50	3.01%	67	56.72%	0.99	50.00	523.85	62.50	1.30	1.50	21.87%	25  0.90  18  0  1000  0  1000  
25  0.90  18  0  1000  0  1000  	2015/05/12 - 2016/01/25	258	3,082	2,125.00	-1,837.50	1.84%	53	56.60%	1.11	40.09	311.32	12.50	1.45	1.64	17.64%	25  0.90  18  0  1000  0  1000  
25  0.90  20  0  1000  0  1000  	2016/01/25 - 2016/09/12	234	3,082	1,087.50	-4,412.50	4.41%	85	52.94%	0.98	12.79	378.66	12.50	1.10	0.38	37.81%	25  0.90  20  0  1000  0  1000  
25  1.10  17  0  1000  0  1000  	2016/09/12 - 2017/05/09	244	3,082	3,262.50	-1,725.00	1.73%	57	61.40%	1.01	57.24	315.81	50.00	1.60	2.83	8.83%	25  1.10  17  0  1000  0  1000  
20  0.90  16  0  1000  0  1000  	2017/05/09 - 2017/12/12	217	3,085	4,987.50	-1,575.00	1.57%	65	60.00%	1.42	76.73	273.81	37.50	2.13	5.33	1.36%	20  0.90  16  0  1000  0  1000  
",oosCurve,updated,2018-09-15 09:48:37,2018-09-15 09:56:17
72,18,202,14,@S,0,C:\ZTS\Dropbox\ats\CandidateArchive\cand_DP_18_T1_15_T2_na_mkt_374.txt,tbd,5,15,min,,,200,2010-11-22,2017-12-29,f,2,1,0,10,0,10,1.20,28,0,0,,,,1,0,1000.00000,0,1000.00000,TSI,NATR:int Fract:double SL_switch:int SL:int PT_switch:int PT:int,245,2018-08-30,2016-02-10,2018-08-30,"10  1.40  0  1000  0  1000  	2011/04/12 - 2012/01/31	294	3,082	5,550.00	-3,062.50	3.06%	65	60.00%	1.04	85.38	489.62	50.00	1.56	2.25	8.23%	10  1.40  0  1000  0  1000  
5  1.40  0  1000  0  1000  	2012/01/31 - 2012/10/26	269	3,082	5,737.50	-3,062.50	3.06%	70	48.57%	1.44	81.96	687.36	-31.25	1.36	2.54	16.10%	5  1.40  0  1000  0  1000  
25  0.90  0  1000  0  1000  	2012/10/26 - 2013/06/21	238	3,082	1,112.50	-3,612.50	3.61%	83	45.78%	1.27	13.40	549.46	-37.50	1.07	0.47	41.23%	25  0.90  0  1000  0  1000  
25  1.20  0  1000  0  1000  	2013/06/21 - 2014/02/12	236	3,082	3,300.00	-4,750.00	4.75%	76	52.63%	1.08	43.42	618.99	25.00	1.20	1.07	27.13%	25  1.20  0  1000  0  1000  
10  0.90  0  1000  0  1000  	2014/02/12 - 2014/10/07	237	3,082	700.00	-5,625.00	5.63%	101	53.47%	0.90	6.93	512.40	25.00	1.04	0.19	44.61%	10  0.90  0  1000  0  1000  
10  0.90  0  1000  0  1000  	2014/10/07 - 2015/06/01	237	3,082	1,350.00	-5,375.00	5.38%	93	58.06%	0.79	14.52	462.96	112.50	1.09	0.39	38.15%	10  0.90  0  1000  0  1000  
10  0.90  0  1000  0  1000  	2015/06/01 - 2016/01/25	238	3,082	4,262.50	-3,162.50	3.16%	89	50.56%	1.35	47.89	469.72	25.00	1.38	2.07	16.94%	10  0.90  0  1000  0  1000  
10  0.90  0  1000  0  1000  	2016/01/25 - 2016/09/14	233	3,082	1,925.00	-4,587.50	4.59%	81	54.32%	0.95	23.77	587.85	12.50	1.13	0.66	35.85%	10  0.90  0  1000  0  1000  
10  0.90  0  1000  0  1000  	2016/09/14 - 2017/05/08	236	3,082	-412.50	-4,850.00	4.85%	100	53.00%	0.86	-4.13	363.55	0.00	0.97	-0.13	45.49%	10  0.90  0  1000  0  1000  
15  1  0  1000  0  1000  	2017/05/08 - 2017/12/29	235	3,085	3,775.00	-3,025.00	3.02%	93	54.84%	1.15	40.59	351.11	25.00	1.40	1.94	13.39%	15  1  0  1000  0  1000  
",oosCurve,updated,2018-09-15 09:35:29,2018-09-15 09:38:37
74,18,193,14,@S,1,C:\ZTS\Dropbox\ats\CandidateArchive\cand_DP_18_T1_15_T2_na_mkt_251.txt,tbd,5,15,min,,,200,2010-11-22,2017-12-29,f,2,1,0,12,0,15,1.65,6,13,0,,,,1,0,1000.00000,0,1000.00000,TSI,NATR:int Fract:double Filter1_N1:int SL_switch:int SL:int PT_switch:int PT:int,242,2018-08-26,2016-01-31,2018-08-26,"15  1.35  13  0  1000  0  1000  	2011/04/27 - 2012/02/08	287	3,082	3,587.50	-2,337.50	2.34%	32	65.63%	0.96	112.11	455.90	150.00	1.83	1.95	8.71%	15  1.35  13  0  1000  0  1000  
15  1.35  11  0  1000  0  1000  	2012/02/08 - 2012/10/25	260	3,082	2,500.00	-2,787.50	2.79%	46	47.83%	1.44	54.35	549.15	-31.25	1.32	1.26	25.28%	15  1.35  11  0  1000  0  1000  
10  1.85  10  0  1000  0  1000  	2012/10/26 - 2013/06/24	241	3,082	-1,062.50	-3,225.00	3.23%	52	42.31%	1.21	-20.43	409.54	-62.50	0.88	-0.50	36.03%	10  1.85  10  0  1000  0  1000  
5  1.45  14  0  1000  0  1000  	2013/06/24 - 2014/02/12	233	3,082	6,900.00	-3,525.00	3.52%	56	60.71%	1.08	123.21	671.31	50.00	1.68	3.07	8.76%	5  1.45  14  0  1000  0  1000  
5  1.45  14  0  1000  0  1000  	2014/02/12 - 2014/10/01	231	3,082	2,300.00	-3,300.00	3.30%	53	60.38%	0.83	43.40	522.75	37.50	1.26	1.10	27.41%	5  1.45  14  0  1000  0  1000  
5  1.45  13  0  1000  0  1000  	2014/10/03 - 2015/05/27	236	3,082	1,175.00	-3,162.50	3.16%	69	55.07%	0.91	17.03	434.19	37.50	1.11	0.57	37.28%	5  1.45  13  0  1000  0  1000  
5  1.45  13  0  1000  0  1000  	2015/05/27 - 2016/01/21	239	3,082	2,487.50	-2,237.50	2.24%	62	66.13%	0.71	40.12	326.08	87.50	1.38	1.70	16.82%	5  1.45  13  0  1000  0  1000  
5  1.45  13  0  1000  0  1000  	2016/01/21 - 2016/09/01	224	3,082	12.50	-3,525.00	3.52%	58	50.00%	1.00	0.22	533.64	0.00	1.00	0.01	49.88%	5  1.45  13  0  1000  0  1000  
10  1.55  10  0  1000  0  1000  	2016/09/13 - 2017/05/09	238	3,082	-787.50	-3,087.50	3.09%	57	52.63%	0.82	-13.82	392.52	0.00	0.91	-0.39	39.57%	10  1.55  10  0  1000  0  1000  
20  1.45  10  0  1000  0  1000  	2017/05/09 - 2017/12/27	232	3,085	3,912.50	-1,237.50	1.24%	45	60.00%	1.44	86.94	315.58	100.00	2.16	4.97	3.57%	20  1.45  10  0  1000  0  1000  
",oosCurve,updated,2018-09-15 09:56:27,2018-09-15 10:04:59
75,18,194,14,@S,1,C:\ZTS\Dropbox\ats\CandidateArchive\cand_DP_18_T1_15_T2_na_mkt_255.txt,tbd,5,15,min,,,200,2010-11-22,2017-12-29,f,2,1,0,12,0,25,1.05,17,5,11,,,,0,0,1000.00000,0,1000.00000,TSI,NATR:int Fract:double Filter1_N1:int Filter1_N2:int SL_switch:int SL:int PT_switch:int PT:int,244,2018-08-28,2016-02-02,2018-08-28,"15  1.25  6  10  0  1000  0  1000  	2011/04/27 - 2012/02/16	295	3,082	3,775.00	-3,975.00	3.98%	110	57.27%	0.93	34.32	397.68	37.50	1.25	1.18	18.37%	15  1.25  6  10  0  1000  0  1000  
15  1.25  8  13  0  1000  0  1000  	2012/02/16 - 2012/10/26	253	3,082	-775.00	-4,200.00	4.20%	115	48.70%	1.01	-6.74	475.23	-12.50	0.96	-0.27	43.97%	15  1.25  8  13  0  1000  0  1000  
25  0.85  8  13  0  1000  0  1000  	2012/10/26 - 2013/06/24	241	3,082	-2,050.00	-6,337.50	6.34%	114	50.88%	0.87	-17.98	479.87	6.25	0.90	-0.49	34.49%	25  0.85  8  13  0  1000  0  1000  
20  0.85  5  10  0  1000  0  1000  	2013/06/24 - 2014/02/14	235	3,082	3,937.50	-4,687.50	4.69%	113	50.44%	1.23	34.85	422.79	0.00	1.26	1.30	19.14%	20  0.85  5  10  0  1000  0  1000  
20  0.85  6  9  0  1000  0  1000  	2014/02/14 - 2014/10/07	235	3,082	5,237.50	-3,287.50	3.29%	104	53.85%	1.14	50.36	590.32	25.00	1.33	2.47	19.32%	20  0.85  6  9  0  1000  0  1000  
20  0.85  6  9  0  1000  0  1000  	2014/10/07 - 2015/06/02	238	3,082	5,012.50	-3,912.50	3.91%	115	57.39%	0.96	43.59	467.11	50.00	1.30	1.96	15.96%	20  0.85  6  9  0  1000  0  1000  
20  0.85  6  12  0  1000  0  1000  	2015/06/02 - 2016/01/25	237	3,082	3,525.00	-2,087.50	2.09%	107	57.01%	1.03	32.94	285.26	37.50	1.37	2.60	11.75%	20  0.85  6  12  0  1000  0  1000  
20  0.85  8  12  0  1000  0  1000  	2016/01/25 - 2016/09/12	231	3,082	6,200.00	-3,412.50	3.41%	112	53.57%	1.29	55.36	476.61	12.50	1.48	2.87	11.08%	20  0.85  8  12  0  1000  0  1000  
20  0.85  8  12  0  1000  0  1000  	2016/09/12 - 2017/05/09	239	3,082	3,762.50	-3,975.00	3.98%	104	56.73%	1.04	36.18	332.07	50.00	1.36	1.45	13.46%	20  0.85  8  12  0  1000  0  1000  
20  0.85  8  9  0  1000  0  1000  	2017/05/09 - 2017/12/29	234	3,085	6,487.50	-2,525.00	2.52%	99	58.59%	1.43	65.53	324.30	25.00	2.03	4.01	2.36%	20  0.85  8  9  0  1000  0  1000  
",oosCurve,updated,2018-09-15 10:05:09,2018-09-15 10:36:14
76,21,225,14,@S,1,C:\ZTS\Dropbox\ats\CandidateArchive\cand_DP_21_T1_30_T2_na_mkt_338.txt,tbd,5,30,min,,,200,2010-11-22,2017-12-29,f,2,1,0,9,0,30,1.50,12,12,14,,,,0,0,1000.00000,0,1000.00000,TSI,NATR:int Fract:double Filter1_N1:int Filter1_N2:int SL_switch:int SL:int PT_switch:int PT:int,244,2018-08-30,2016-02-14,2018-08-30,"35  1.50  9  17  0  1000  0  1000  	2011/04/28 - 2012/01/31	278	1,625	3,637.50	-5,437.50	5.44%	79	54.43%	1.06	46.04	516.89	37.50	1.26	0.88	21.55%	35  1.50  9  17  0  1000  0  1000  
20  1.60  9  11  0  1000  0  1000  	2012/01/31 - 2012/10/17	260	1,625	6,462.50	-4,400.00	4.40%	41	60.98%	1.11	157.62	767.48	62.50	1.73	2.06	9.80%	20  1.60  9  11  0  1000  0  1000  
20  1.60  9  11  0  1000  0  1000  	2012/10/17 - 2013/04/24	189	1,625	3,137.50	-2,187.50	2.19%	49	53.06%	1.24	64.03	486.14	62.50	1.40	2.77	18.06%	20  1.60  9  11  0  1000  0  1000  
20  1.20  9  11  0  1000  0  1000  	2013/04/24 - 2014/01/30	281	1,625	3,637.50	-2,612.50	2.61%	60	60.00%	0.94	60.63	452.75	68.75	1.41	1.81	15.19%	20  1.20  9  11  0  1000  0  1000  
25  1.20  9  11  0  1000  0  1000  	2014/01/30 - 2014/10/03	246	1,625	262.50	-2,512.50	2.51%	74	55.41%	0.82	3.55	415.22	62.50	1.02	0.16	47.08%	25  1.20  9  11  0  1000  0  1000  
25  1.20  10  11  0  1000  0  1000  	2014/10/03 - 2015/06/01	241	1,625	2,762.50	-1,950.00	1.95%	67	59.70%	0.93	41.23	345.58	37.50	1.37	2.15	16.62%	25  1.20  10  11  0  1000  0  1000  
20  1.70  15  12  0  1000  0  1000  	2015/06/01 - 2016/01/12	229	1,625	525.00	-4,125.00	4.13%	63	52.38%	0.96	8.33	485.50	25.00	1.06	0.20	44.60%	20  1.70  15  12  0  1000  0  1000  
25  1.20  9  15  0  1000  0  1000  	2016/01/12 - 2016/09/14	246	1,625	6,525.00	-1,687.50	1.69%	48	70.83%	0.87	135.94	515.30	156.25	2.12	5.74	3.70%	25  1.20  9  15  0  1000  0  1000  
30  1.20  9  16  0  1000  0  1000  	2016/09/14 - 2017/04/28	226	1,625	312.50	-2,250.00	2.25%	73	57.53%	0.77	4.28	289.82	25.00	1.04	0.22	45.00%	30  1.20  9  16  0  1000  0  1000  
25  1.20  9  11  0  1000  0  1000  	2017/04/28 - 2017/12/29	245	1,625	2,900.00	-2,650.00	2.65%	63	57.14%	1.20	46.03	243.86	37.50	1.61	1.63	6.96%	25  1.20  9  11  0  1000  0  1000  
",oosCurve,updated,2018-09-17 11:06:33,2018-09-17 11:21:38
77,21,237,14,@S,0,C:\ZTS\Dropbox\ats\CandidateArchive\cand_DP_21_T1_30_T2_na_mkt_129.txt,tbd,5,30,min,,,200,2010-11-22,2017-12-29,f,2,1,0,12,0,10,0.75,13,11,17,,,,2,0,1000.00000,0,1000.00000,TSI,NATR:int Fract:double Filter1_N1:int Filter1_N2:int SL_switch:int SL:int PT_switch:int PT:int,243,2018-08-05,2016-02-01,2018-08-05,"20  0.45  12  20  0  1000  0  1000  	2011/04/08 - 2012/02/13	311	1,625	112.50	-2,700.00	2.70%	43	48.84%	1.07	2.62	348.56	-25.00	1.02	0.05	48.05%	20  0.45  12  20  0  1000  0  1000  
15  0.45  13  19  0  1000  0  1000  	2012/02/13 - 2012/09/14	214	1,625	4,012.50	-2,850.00	2.85%	65	60.00%	0.97	61.73	464.05	62.50	1.46	2.40	14.38%	15  0.45  13  19  0  1000  0  1000  
20  0.45  14  17  0  1000  0  1000  	2012/09/14 - 2013/06/18	277	1,625	3,987.50	-1,837.50	1.84%	63	46.03%	1.76	63.29	490.32	-62.50	1.50	2.86	15.48%	20  0.45  14  17  0  1000  0  1000  
15  0.45  14  17  0  1000  0  1000  	2013/06/18 - 2014/02/11	238	1,625	175.00	-4,125.00	4.13%	50	42.00%	1.41	3.50	437.36	-62.50	1.02	0.07	47.76%	15  0.45  14  17  0  1000  0  1000  
20  0.45  10  15  0  1000  0  1000  	2014/02/11 - 2014/08/28	198	1,625	5,025.00	-3,462.50	3.46%	46	50.00%	1.61	109.24	778.23	-12.50	1.61	2.68	17.31%	20  0.45  10  15  0  1000  0  1000  
20  0.45  10  14  0  1000  0  1000  	2014/08/28 - 2015/05/12	257	1,625	-612.50	-4,100.00	4.10%	62	50.00%	0.95	-9.88	452.14	-25.00	0.95	-0.21	43.20%	20  0.45  10  14  0  1000  0  1000  
10  0.55  8  14  0  1000  0  1000  	2015/05/12 - 2016/01/21	254	1,625	1,412.50	-1,325.00	1.32%	41	63.41%	0.91	34.45	188.30	50.00	1.58	1.53	12.42%	10  0.55  8  14  0  1000  0  1000  
5  0.65  9  14  0  1000  0  1000  	2016/01/21 - 2016/09/12	235	1,625	4,925.00	-1,700.00	1.70%	57	57.89%	1.53	86.40	393.67	37.50	2.11	4.50	5.15%	5  0.65  9  14  0  1000  0  1000  
5  0.65  11  15  0  1000  0  1000  	2016/09/12 - 2017/05/09	239	1,625	2,412.50	-1,950.00	1.95%	47	53.19%	1.35	51.33	370.78	62.50	1.54	1.89	17.38%	5  0.65  11  15  0  1000  0  1000  
5  0.65  10  14  0  1000  0  1000  	2017/05/09 - 2017/12/05	210	1,625	1,050.00	-2,400.00	2.40%	44	61.36%	0.76	23.86	454.17	37.50	1.21	0.76	36.46%	5  0.65  10  14  0  1000  0  1000  
",oosCurve,updated,2018-09-17 11:28:34,2018-09-17 11:42:54
78,21,227,14,@S,2,C:\ZTS\Dropbox\ats\CandidateArchive\cand_DP_21_T1_30_T2_na_mkt_333.txt,tbd,5,30,min,,,200,2010-11-22,2017-12-29,f,2,1,0,10,0,50,1.80,12,6,12,,,,1,0,1000.00000,0,1000.00000,TSI,NATR:int Fract:double Filter1_N1:int Filter1_N2:int SL_switch:int SL:int PT_switch:int PT:int,252,2018-09-07,2016-02-22,2018-09-07,"40  1.90  3  9  0  1000  0  1000  	2011/04/14 - 2012/02/10	302	1,625	5,237.50	-3,337.50	3.34%	71	57.75%	1.07	73.77	515.74	75.00	1.47	1.90	11.61%	40  1.90  3  9  0  1000  0  1000  
50  1.80  3  11  0  1000  0  1000  	2012/02/10 - 2012/10/17	250	1,625	4,562.50	-3,700.00	3.70%	44	50.00%	1.42	103.69	771.11	-62.50	1.42	1.80	18.87%	50  1.80  3  11  0  1000  0  1000  
60  1.70  3  11  0  1000  0  1000  	2012/10/23 - 2013/06/20	240	1,625	950.00	-3,087.50	3.09%	52	50.00%	1.09	18.27	496.20	6.25	1.09	0.47	39.58%	60  1.70  3  11  0  1000  0  1000  
50  1.60  9  9  0  1000  0  1000  	2013/06/20 - 2014/01/30	300	1,625	2,387.50	-2,862.50	2.86%	51	56.86%	1.00	46.81	440.06	62.50	1.32	1.01	22.55%	50  1.60  9  9  0  1000  0  1000  
45  1.60  7  9  0  1000  0  1000  	2014/01/30 - 2014/10/01	244	1,625	-350.00	-2,562.50	2.56%	67	52.24%	0.89	-5.22	418.97	0.00	0.97	-0.20	45.95%	45  1.60  7  9  0  1000  0  1000  
40  1.50  6  12  0  1000  0  1000  	2014/10/01 - 2015/06/01	243	1,625	4,000.00	-1,812.50	1.81%	54	62.96%	1.03	74.07	343.00	62.50	1.75	3.31	5.92%	40  1.50  6  12  0  1000  0  1000  
40  1.50  6  13  0  1000  0  1000  	2015/06/01 - 2016/01/12	225	1,625	-1,512.50	-2,862.50	2.86%	65	50.77%	0.82	-23.27	365.03	25.00	0.84	-0.86	30.45%	40  1.50  6  13  0  1000  0  1000  
40  1.50  9  14  0  1000  0  1000  	2016/01/12 - 2016/09/14	246	1,625	7,775.00	-1,450.00	1.45%	38	76.32%	0.93	204.61	547.40	187.50	2.99	7.96	1.35%	40  1.50  9  14  0  1000  0  1000  
40  1.50  6  13  0  1000  0  1000  	2016/09/14 - 2017/04/28	226	1,625	50.00	-2,687.50	2.69%	68	55.88%	0.79	0.74	275.13	12.50	1.01	0.03	49.12%	40  1.50  6  13  0  1000  0  1000  
40  1.50  9  14  0  1000  0  1000  	2017/04/28 - 2017/12/29	245	1,625	2,925.00	-2,425.00	2.42%	55	60.00%	1.15	53.18	243.01	37.50	1.72	1.80	5.52%	40  1.50  9  14  0  1000  0  1000  
",oosCurve,updated,2018-09-17 11:43:07,2018-09-17 12:00:55
49,9,90,2,@YM.D,1,C:\ZTS\Dropbox\ats\CandidateArchive\cand_DP_9_T1_30_T2_na_mkt_57.txt,tbd,9,30,min,,,200,2010-11-22,2017-12-29,f,1,1,0,5,0,40,1.80,1,2,10,,,,0,0,1000.00000,0,1000.00000,TSI,NATR:int Fract:double Filter1_N1:int Filter1_N2:int SL_switch:int SL:int PT_switch:int PT:int,260,2018-09-14,2015-11-20,2018-09-14,"45  1.80  5  13  0  1000  0  1000  	2010/11/22 - 2011/08/09	260	2,136	-365.00	-2,870.00	2.87%	66	51.52%	0.88	-5.53	258.19	0.00	0.94	-0.18	43.12%	45  1.80  5  13  0  1000  0  1000  
40  1.80  4  13  0  1000  0  1000  	2011/08/09 - 2012/04/24	259	2,136	6,775.00	-1,570.00	1.57%	51	68.63%	1.39	132.84	348.27	85.00	3.03	6.08	0.44%	40  1.80  4  13  0  1000  0  1000  
35  1.70  1  9  0  1000  0  1000  	2012/04/25 - 2013/01/14	264	2,136	1,295.00	-2,470.00	2.47%	72	52.78%	1.06	17.99	281.68	37.50	1.19	0.72	29.48%	35  1.70  1  9  0  1000  0  1000  
35  1.70  5  11  0  1000  0  1000  	2013/01/14 - 2013/09/26	260	2,136	1,890.00	-1,220.00	1.22%	63	57.14%	1.06	30.00	231.25	35.00	1.41	2.17	15.36%	35  1.70  5  11  0  1000  0  1000  
35  1.70  5  11  0  1000  0  1000  	2013/09/26 - 2014/06/13	260	2,136	1,105.00	-1,055.00	1.05%	63	52.38%	1.11	17.54	231.73	20.00	1.22	1.47	27.51%	35  1.70  5  11  0  1000  0  1000  
50  1.60  5  12  0  1000  0  1000  	2014/06/13 - 2015/03/04	264	2,136	4,570.00	-3,315.00	3.31%	61	59.02%	1.10	74.92	455.79	45.00	1.59	1.91	10.21%	50  1.60  5  12  0  1000  0  1000  
40  1.50  2  7  0  1000  0  1000  	2015/03/04 - 2015/11/13	254	2,136	-800.00	-4,545.00	4.54%	63	53.97%	0.80	-12.70	529.00	75.00	0.93	-0.25	42.48%	40  1.50  2  7  0  1000  0  1000  
50  1.50  1  7  0  1000  0  1000  	2015/11/13 - 2016/07/29	259	2,136	3,300.00	-4,110.00	4.11%	86	59.30%	0.87	38.37	444.25	60.00	1.26	1.13	21.27%	50  1.50  1  7  0  1000  0  1000  
50  1.50  1  8  0  1000  0  1000  	2016/07/29 - 2017/04/17	262	2,136	4,545.00	-2,090.00	2.09%	70	61.43%	1.12	64.93	316.98	55.00	1.78	3.03	4.55%	50  1.50  1  8  0  1000  0  1000  
50  1.50  1  8  0  1000  0  1000  	2017/04/17 - 2017/12/28	255	2,136	2,325.00	-2,520.00	2.52%	86	58.14%	0.97	27.03	252.05	27.50	1.35	1.32	16.14%	50  1.50  1  8  0  1000  0  1000  
",oosCurve,updated,2018-09-12 00:57:47,2018-09-12 01:21:00
50,2,68,6,@CL,0,C:\ZTS\Dropbox\ats\CandidateArchive\cand_DP_2_T1_15_T2_na_mkt_87.txt,tbd,7,15,min,,,200,2010-11-22,2017-12-29,f,3,1,0,5,0,60,2.10,24,12,0,,,,2,0,1000.00000,0,1000.00000,TSI,NATR:int Fract:double Filter1_N1:int SL_switch:int SL:int PT_switch:int PT:int,261,2018-09-16,2015-11-14,2018-09-16,"70  1.90  10  0  1000  0  1000  	2010/11/10 - 2011/07/29	261	4,010	10,320.00	-5,400.00	5.40%	103	48.54%	1.44	100.19	843.19	-60.00	1.36	2.67	11.53%	70  1.90  10  0  1000  0  1000  
70  1.90  10  0  1000  0  1000  	2011/07/29 - 2012/04/13	259	4,010	9,940.00	-8,980.00	8.98%	108	56.48%	1.04	92.04	827.64	90.00	1.35	1.56	12.52%	70  1.90  10  0  1000  0  1000  
70  1.90  12  0  1000  0  1000  	2012/04/13 - 2012/12/26	257	4,010	-940.00	-9,940.00	9.94%	108	46.30%	1.12	-8.70	752.48	-30.00	0.97	-0.13	45.23%	70  1.90  12  0  1000  0  1000  
50  1.80  9  0  1000  0  1000  	2012/12/26 - 2013/09/20	268	4,010	5,830.00	-6,840.00	6.84%	111	50.45%	1.19	52.52	696.57	30.00	1.21	1.16	21.43%	50  1.80  9  0  1000  0  1000  
50  1.80  12  0  1000  0  1000  	2013/09/20 - 2014/06/05	258	4,010	7,430.00	-3,540.00	3.54%	114	50.00%	1.49	65.18	460.27	-10.00	1.49	2.97	6.67%	50  1.80  12  0  1000  0  1000  
50  1.80  12  0  1000  0  1000  	2014/06/05 - 2015/02/19	259	4,010	20,510.00	-6,940.00	6.94%	114	56.14%	1.35	179.91	874.46	105.00	1.73	4.16	1.50%	50  1.80  12  0  1000  0  1000  
50  1.80  11  0  1000  0  1000  	2015/02/19 - 2015/11/09	263	4,010	13,220.00	-4,710.00	4.71%	116	60.34%	0.99	113.97	725.00	170.00	1.51	3.90	4.66%	50  1.80  11  0  1000  0  1000  
50  1.80  10  0  1000  0  1000  	2015/11/09 - 2016/07/28	262	4,010	5,330.00	-5,600.00	5.60%	108	61.11%	0.80	49.35	550.29	160.00	1.26	1.33	17.67%	50  1.80  10  0  1000  0  1000  
55  2.40  10  0  1000  0  1000  	2016/07/28 - 2017/04/10	256	4,010	8,620.00	-2,820.00	2.82%	105	56.19%	1.24	82.10	503.62	50.00	1.59	4.36	4.89%	55  2.40  10  0  1000  0  1000  
55  2.40  13  0  1000  0  1000  	2017/04/10 - 2017/12/29	263	4,010	3,770.00	-3,150.00	3.15%	87	49.43%	1.34	43.33	435.35	-30.00	1.31	1.66	17.79%	55  2.40  13  0  1000  0  1000  
",oosCurve,updated,2018-09-12 01:21:01,2018-09-12 01:36:26
62,2,70,6,@CL,1,C:\ZTS\Dropbox\ats\CandidateArchive\cand_DP_2_T1_15_T2_na_mkt_85.txt,tbd,7,15,min,,,200,2010-11-22,2017-12-29,f,3,1,0,3,0,5,0.75,24,3,0,,,,1,0,1000.00000,0,1000.00000,TSI,NATR:int Fract:double Filter1_N1:int SL_switch:int SL:int PT_switch:int PT:int,260,2018-09-15,2015-11-13,2018-09-15,"10  0.95  1  0  1000  0  1000  	2010/11/11 - 2011/07/29	260	4,010	19,530.00	-14,240.00	14.24%	162	50.62%	1.27	120.56	1,266.34	50.00	1.30	1.93	11.37%	10  0.95  1  0  1000  0  1000  
10  1.05  2  0  1000  0  1000  	2011/07/29 - 2012/04/16	262	4,010	12,100.00	-15,280.00	15.28%	148	54.05%	1.01	81.76	1,229.61	60.00	1.19	1.10	20.99%	10  1.05  2  0  1000  0  1000  
10  1.05  2  0  1000  0  1000  	2012/04/16 - 2012/12/28	256	4,010	7,150.00	-12,780.00	12.78%	151	48.34%	1.22	47.35	962.11	-60.00	1.14	0.80	27.31%	10  1.05  2  0  1000  0  1000  
5  0.65  6  0  1000  0  1000  	2012/12/28 - 2013/09/20	266	4,010	950.00	-15,670.00	15.67%	161	52.80%	0.91	5.90	839.88	50.00	1.02	0.08	46.45%	5  0.65  6  0  1000  0  1000  
15  0.85  2  0  1000  0  1000  	2013/09/20 - 2014/06/10	263	4,010	18,250.00	-4,840.00	4.84%	157	56.05%	1.25	116.24	646.66	60.00	1.60	5.23	1.28%	15  0.85  2  0  1000  0  1000  
15  0.85  2  0  1000  0  1000  	2014/06/10 - 2015/02/25	260	4,010	26,290.00	-10,120.00	10.12%	155	58.06%	1.13	169.61	1,027.87	180.00	1.57	3.65	2.08%	15  0.85  2  0  1000  0  1000  
15  0.75  1  0  1000  0  1000  	2015/02/25 - 2015/11/10	258	4,010	13,180.00	-7,440.00	7.44%	161	56.52%	0.97	81.86	978.32	140.00	1.26	2.51	14.50%	15  0.75  1  0  1000  0  1000  
10  0.75  1  0  1000  0  1000  	2015/11/10 - 2016/07/28	261	4,010	9,350.00	-6,360.00	6.36%	170	59.41%	0.82	55.00	769.40	155.00	1.20	2.06	17.63%	10  0.75  1  0  1000  0  1000  
10  0.85  1  0  1000  0  1000  	2016/07/28 - 2017/04/13	259	4,010	9,070.00	-8,750.00	8.75%	166	50.60%	1.22	54.64	639.48	10.00	1.25	1.46	13.63%	10  0.85  1  0  1000  0  1000  
10  0.85  1  0  1000  0  1000  	2017/04/13 - 2017/12/29	260	4,010	10,260.00	-3,720.00	3.72%	159	51.57%	1.28	64.53	578.90	20.00	1.36	3.87	8.09%	10  0.85  1  0  1000  0  1000  
",oosCurve,updated,2018-09-12 05:10:26,2018-09-12 05:17:18
64,2,78,6,@CL,1,C:\ZTS\Dropbox\ats\CandidateArchive\cand_DP_2_T1_15_T2_na_mkt_38.txt,tbd,7,15,min,,,200,2010-11-22,2017-12-29,f,3,1,0,4,0,55,2.40,24,12,0,,,,1,0,1000.00000,0,1000.00000,TSI,NATR:int Fract:double Filter1_N1:int SL_switch:int SL:int PT_switch:int PT:int,260,2018-09-15,2015-11-13,2018-09-15,"55  2.10  12  0  1000  0  1000  	2010/11/10 - 2011/07/29	261	4,010	10,670.00	-9,550.00	9.55%	124	50.00%	1.22	86.05	1,205.56	-15.00	1.22	1.56	21.41%	55  2.10  12  0  1000  0  1000  
45  2.30  12  0  1000  0  1000  	2011/07/29 - 2012/04/16	262	4,010	25,260.00	-16,070.00	16.07%	136	57.35%	1.14	185.74	1,171.59	90.00	1.54	2.19	3.33%	45  2.30  12  0  1000  0  1000  
45  2.40  12  0  1000  0  1000  	2012/04/16 - 2012/12/26	254	4,010	5,420.00	-12,160.00	12.16%	128	47.66%	1.24	42.34	943.00	-60.00	1.13	0.64	30.62%	45  2.40  12  0  1000  0  1000  
45  2.70  12  0  1000  0  1000  	2012/12/28 - 2013/09/18	264	4,010	-5,420.00	-15,760.00	15.76%	151	49.67%	0.91	-35.89	832.71	-10.00	0.90	-0.48	29.86%	45  2.70  12  0  1000  0  1000  
50  2.30  12  0  1000  0  1000  	2013/09/18 - 2014/06/09	264	4,010	17,430.00	-2,640.00	2.64%	128	54.69%	1.45	136.17	647.99	70.00	1.75	9.13	0.95%	50  2.30  12  0  1000  0  1000  
45  2.20  11  0  1000  0  1000  	2014/06/09 - 2015/02/24	260	4,010	19,460.00	-8,790.00	8.79%	129	59.69%	0.97	150.85	1,118.59	230.00	1.44	3.11	6.40%	45  2.20  11  0  1000  0  1000  
45  2.10  11  0  1000  0  1000  	2015/02/24 - 2015/11/10	259	4,010	17,520.00	-4,920.00	4.92%	123	57.72%	1.07	142.44	1,006.77	230.00	1.47	5.02	5.96%	45  2.10  11  0  1000  0  1000  
45  2.20  10  0  1000  0  1000  	2015/11/10 - 2016/07/27	260	4,010	21,420.00	-3,520.00	3.52%	123	65.85%	0.95	174.15	712.08	250.00	1.82	8.54	0.38%	45  2.20  10  0  1000  0  1000  
45  2.10  9  0  1000  0  1000  	2016/07/27 - 2017/04/13	260	4,010	-3,360.00	-10,360.00	10.36%	113	43.36%	1.16	-29.73	652.87	-100.00	0.89	-0.46	31.46%	45  2.10  9  0  1000  0  1000  
55  2.30  10  0  1000  0  1000  	2017/04/13 - 2017/12/29	260	4,010	7,680.00	-4,750.00	4.75%	129	49.61%	1.32	59.53	611.84	-10.00	1.30	2.27	13.56%	55  2.30  10  0  1000  0  1000  
",oosCurve,updated,2018-09-12 05:33:51,2018-09-12 05:52:38
